⿰	65110
⿱	26393
⿸	3993
口	3666
⿺	3659
艹	3484
氵	3298
木	3225
⿳	2489
扌	2409
土	2196
亻	1837
女	1802
火	1784
山	1778
虫	1757
月	1722
𥫗	1692
釒	1650
日	1598
阝	1499
忄	1484
鳥	1378
石	1352
目	1345
糹	1250
⿵	1221
魚	1210
𧾷	1170
⿻	1102
訁	1100
𤣩	1081
辶	1076
禾	1046
疒	1009
心	982
一	970
米	945
犭	880
馬	860
⿴	837
衤	825
車	749
⿹	734
刂	722
貝	722
宀	700
頁	692
广	680
雨	673
巾	668
酉	644
穴	635
大	633
⿲	630
钅	619
又	616
田	598
攵	596
門	586
革	583
毛	578
飠	575
礻	572
彳	555
冖	548
走	525
罒	521
耳	512
隹	499
力	492
欠	476
髟	456
厂	455
羽	455
舟	453
皿	447
丿	437
灬	434
白	426
八	417
人	414
弓	410
尸	408
纟	407
亠	404
止	399
丨	395
鬼	395
立	392
讠	389
十	387
囗	387
歹	387
見	383
鸟	382
冫	374
金	374
牜	371
風	365
鱼	358
骨	356
言	355
攴	351
瓦	346
戈	339
子	337
皮	335
羊	329
丶	324
齒	324
角	321
衣	318
黑	313
身	310
糸	307
几	306
手	301
殳	296
水	296
王	280
爫	276
豕	272
⿷	271
刀	271
方	265
工	263
鹿	262
马	257
厶	256
夂	249
寸	249
小	246
斤	244
文	242
廾	236
矢	236
韋	230
豸	229
二	224
吅	219
林	218
示	218
合	217
彡	217
多	216
麥	214
夕	212
缶	211
古	207
冂	205
耒	205
⿶	204
勹	202
匕	202
音	201
犬	199
支	198
牛	198
面	198
𠂉	198
乚	197
舌	196
丷	195
分	194
车	194
门	194
足	192
片	191
匚	190
虎	188
肉	183
豆	183
饣	183
生	181
乙	180
令	179
出	178
非	176
从	175
光	174
贝	170
辛	170
共	168
少	168
丁	167
士	167
干	167
谷	167
儿	166
瓜	166
比	165
巴	164
凵	163
正	163
束	162
臼	161
高	161
䖵	160
斗	160
不	158
镸	158
九	156
去	156
幺	156
爿	156
勿	155
矛	154
虍	154
且	153
炎	153
巳	152
页	152
𦥑	152
亡	151
吉	151
户	151
自	151
鼠	151
巛	147
由	146
元	145
彐	145
玉	143
丰	142
占	141
夫	141
邑	141
里	141
香	141
句	140
包	139
丑	138
至	138
麻	136
者	134
可	132
甲	132
臣	132
其	131
甫	131
來	130
气	130
血	130
中	129
鬲	129
𠂊	129
䒑	128
卑	128
各	128
赤	127
旦	126
尾	125
圭	124
黄	124
𧘇	124
今	122
牙	122
甘	122
艮	122
覀	122
青	122
龍	122
云	121
未	121
食	121
上	120
必	120
果	120
𭤨	120
召	119
此	118
龷	118
爪	117
𠃊	116
犮	115
同	114
重	114
𠆢	114
台	113
老	113
乃	112
余	112
入	112
是	112
行	112
也	111
鼻	111
开	110
卜	109
兀	108
天	108
兆	106
告	106
或	106
聿	105
下	104
主	104
加	104
卒	104
巨	104
弗	104
色	104
及	103
取	103
尢	103
并	103
曷	103
氏	102
用	102
莫	102
麦	102
黽	102
北	101
千	101
央	101
夋	100
奇	100
尤	100
有	100
鹵	100
丂	99
凡	99
吕	99
弋	99
辰	99
曾	98
交	96
堯	96
肖	96
良	96
六	95
兼	95
回	95
夾	95
屮	95
申	95
番	95
而	95
俞	94
己	94
先	93
免	93
刃	93
夭	93
易	93
井	92
單	92
昔	92
每	92
求	92
票	92
介	91
侖	91
周	91
夬	91
奄	91
婁	91
屯	91
枼	91
真	91
内	90
列	90
左	90
平	90
登	90
粦	90
辟	90
丸	89
于	89
公	89
冘	89
咅	89
失	89
戊	89
首	89
乞	88
卩	88
叕	88
鼓	88
冉	87
卓	87
幸	87
朋	87
乍	86
廿	86
丙	85
昜	85
曲	85
朱	85
軍	85
齿	85
亏	84
勺	84
吾	84
孚	84
敖	84
畐	84
百	84
童	84
亥	83
半	83
危	83
咸	83
它	83
安	83
爾	83
见	83
乂	82
亼	82
禺	82
了	81
享	81
京	81
兒	81
反	81
尞	81
差	81
翏	81
扁	80
民	80
章	80
𠔿	80
夊	79
夌	79
娄	79
尼	79
昆	79
甚	79
貴	79
コ	78
亢	78
君	78
弄	78
我	78
母	78
玄	78
皇	78
风	78
𠂤	78
䜌	77
利	77
午	77
員	77
東	77
业	76
僉	76
氐	76
雚	76
𰀁	76
䀠	75
區	75
咼	75
弟	75
彖	75
成	75
旁	75
父	75
爻	75
空	75
乇	74
亍	74
亶	74
坐	74
壬	74
末	74
次	74
癶	74
秋	74
黍	74
𠮛	74
旬	73
氺	73
留	73
耑	73
西	73
長	73
亞	72
含	72
喬	72
宛	72
录	72
𢆶	72
㐱	71
冬	71
南	71
品	71
殸	71
网	71
美	71
龹	71
冋	70
折	70
會	70
本	70
益	70
韭	70
𠃌	70
兄	69
全	69
念	69
畾	69
豈	69
酋	69
丅	68
久	68
予	68
參	68
廴	68
敝	68
曼	68
永	68
舀	68
𦍌	68
丘	67
卯	67
委	67
尚	67
帝	67
思	67
男	67
需	67
韦	67
䍃	66
亘	66
兑	66
只	66
宗	66
尃	66
巠	66
星	66
焦	66
齊	66
𢦏	66
垂	65
戔	65
昌	65
竹	65
釆	65
世	64
倉	64
克	64
昷	64
来	64
歷	64
肙	64
臽	64
𦭝	64
丹	63
亭	63
付	63
双	63
司	63
喜	63
尺	63
帀	63
爲	63
甬	63
直	63
眉	63
雷	63
龙	63
𠂆	63
卷	62
叚	62
宜	62
幼	62
盧	62
翟	62
賣	62
𠈌	62
㐬	61
善	61
壽	61
宁	61
完	61
巢	61
巿	61
早	61
睘	61
與	61
覃	61
責	61
㠯	60
丕	60
厷	60
壴	60
奚	60
孛	60
帚	60
更	60
盍	60
監	60
芻	60
英	60
蜀	60
霝	60
龠	60
𤇾	60
㓁	59
七	59
啇	59
喿	59
因	59
奴	59
川	59
詹	59
三	58
丩	58
右	58
呈	58
垔	58
害	58
布	58
希	58
廣	58
旱	58
春	58
朿	58
沙	58
泉	58
疌	58
睪	58
蒙	58
要	58
㔾	57
任	57
兔	57
凶	57
升	57
后	57
电	57
离	57
臾	57
雲	57
代	56
冗	56
堇	56
夸	56
從	56
旡	56
爰	56
甾	56
疋	56
習	56
菐	56
貢	56
㐌	55
与	55
侯	55
冓	55
壹	55
專	55
尔	55
敢	55
舛	55
襄	55
㐅	54
旨	54
昏	54
曹	54
畏	54
矞	54
臭	54
賁	54
隶	54
𠂇	54
𡗜	54
𣪊	54
个	53
允	53
唐	53
容	53
曳	53
杀	53
柔	53
死	53
畢	53
異	53
皆	53
艸	53
若	53
隻	53
𫇦	53
㚇	52
冄	52
匊	52
化	52
厥	52
叟	52
執	52
夹	52
官	52
居	52
屈	52
巤	52
建	52
柬	52
累	52
華	52
賓	52
龰	52
仌	51
勾	51
叔	51
叱	51
号	51
定	51
市	51
庸	51
明	51
業	51
知	51
臿	51
萬	51
豊	51
𠃍	51
乏	50
典	50
原	50
参	50
叜	50
坴	50
夅	50
夆	50
孝	50
某	50
桑	50
胡	50
舍	50
貞	50
農	50
逢	50
麗	50
𢆰	50
亐	49
否	49
复	49
夷	49
如	49
妥	49
尒	49
崔	49
年	49
才	49
敦	49
斬	49
旧	49
沓	49
烏	49
瞿	49
系	49
翁	49
蒦	49
辱	49
𠬶	49
亦	48
卂	48
名	48
向	48
囟	48
夗	48
宣	48
尹	48
疑	48
禹	48
連	48
丮	47
争	47
冏	47
友	47
呆	47
敫	47
灰	47
無	47
牟	47
羅	47
耎	47
草	47
𠫓	47
𡿨	47
𦓔	47
廾	47
万	46
並	46
会	46
冥	46
太	46
寺	46
寽	46
尊	46
延	46
廷	46
敄	46
毚	46
氣	46
聶	46
般	46
象	46
贊	46
龶	46
𠂢	46
𦐇	46
串	45
兮	45
单	45
史	45
外	45
客	45
將	45
廉	45
意	45
玨	45
竜	45
素	45
能	45
買	45
鼎	45
龴	45
互	44
則	44
匋	44
匸	44
呂	44
夜	44
奉	44
屋	44
攸	44
既	44
景	44
朁	44
當	44
胃	44
荅	44
虒	44
遂	44
采	44
龜	44
乎	43
亚	43
帶	43
斯	43
癸	43
矣	43
秀	43
肅	43
郎	43
𦥯	43
丆	42
五	42
冈	42
叉	42
契	42
帛	42
幷	42
幾	42
庚	42
弁	42
志	42
樂	42
炏	42
礼	42
義	42
育	42
解	42
豦	42
賴	42
𣬉	42
𦰩	42
𩰲	42
乀	41
具	41
刍	41
厸	41
咢	41
國	41
夏	41
寿	41
幵	41
康	41
戎	41
磊	41
那	41
雍	41
魯	41
𠀎	41
𠃓	41
㒸	40
乛	40
前	40
匡	40
厄	40
吝	40
堂	40
度	40
引	40
戉	40
最	40
武	40
歺	40
盾	40
索	40
臤	40
虘	40
表	40
追	40
阜	40
靈	40
飛	40
𠕁	40
𠦝	40
𡗗	40
𢑑	40
䏍	39
亅	39
兹	39
册	39
剌	39
勞	39
区	39
即	39
吏	39
夢	39
寅	39
尧	39
巽	39
戚	39
曰	39
术	39
祭	39
翕	39
耂	39
苗	39
蔑	39
賛	39
間	39
韱	39
㒼	38
㝵	38
休	38
制	38
卢	38
厘	38
受	38
咠	38
固	38
庶	38
彦	38
忍	38
悤	38
斥	38
暴	38
栗	38
步	38
禁	38
羔	38
霍	38
須	38
𰀪	38
乔	37
保	37
厲	37
困	37
寧	37
尨	37
巫	37
怱	37
段	37
矍	37
葉	37
豖	37
集	37
𠘨	37
𠬞	37
𥝢	37
𦣻	37
丄	36
匀	36
厤	36
妾	36
嬰	36
尋	36
屏	36
巂	36
式	36
忽	36
感	36
放	36
燕	36
盖	36
葛	36
鬥	36
黾	36
𪠲	36
㓞	35
丬	35
之	35
充	35
军	35
劳	35
厭	35
埶	35
奔	35
孟	35
宅	35
於	35
朵	35
朶	35
灭	35
秦	35
蓋	35
贵	35
速	35
過	35
零	35
齐	35
𠇍	35
𫩠	35
㐄	34
䖝	34
佥	34
匽	34
哥	34
圣	34
妻	34
微	34
惠	34
替	34
率	34
羌	34
達	34
闌	34
𡨄	34
𣏋	34
亟	33
伐	33
关	33
卡	33
商	33
嗇	33
四	33
存	33
密	33
局	33
弱	33
戍	33
昍	33
查	33
毒	33
熏	33
爽	33
發	33
监	33
省	33
突	33
虚	33
路	33
閒	33
𦣞	33
㬎	32
丞	32
兵	32
农	32
助	32
叅	32
囚	32
對	32
尗	32
展	32
巩	32
憂	32
敕	32
晏	32
皃	32
耶	32
肩	32
興	32
芒	32
賏	32
隋	32
麃	32
𠷎	32
𢀖	32
𢆉	32
𣄼	32
𦈢	32
𦥔	32
𪧇	32
㐭	31
亾	31
兩	31
冐	31
冒	31
劦	31
吴	31
嚴	31
字	31
宏	31
宿	31
岡	31
弜	31
彑	31
当	31
彭	31
忩	31
息	31
戠	31
扇	31
普	31
甹	31
耆	31
胥	31
花	31
虖	31
蚤	31
长	31
㐫	30
㡀	30
乳	30
作	30
卉	30
卖	30
囷	30
奈	30
守	30
尉	30
戾	30
殹	30
殺	30
皀	30
答	30
臬	30
臯	30
阿	30
隊	30
隺	30
雋	30
𠂈	30
𠂔	30
𡿺	30
𣎆	30
𦍋	30
𫶧	30
伏	29
卬	29
吊	29
吞	29
圥	29
奐	29
尿	29
屬	29
岑	29
底	29
强	29
悲	29
愛	29
房	29
散	29
桀	29
棥	29
爭	29
畺	29
稟	29
竟	29
絲	29
聚	29
臱	29
豪	29
質	29
迷	29
養	29
艹	29
𠀐	29
𠬤	29
𧰨	29
𰀉	29
㫺	28
丐	28
亓	28
厽	28
叐	28
奏	28
尣	28
慮	28
戋	28
戌	28
拜	28
施	28
旋	28
无	28
昬	28
晋	28
松	28
枚	28
炙	28
背	28
舂	28
褱	28
韯	28
黨	28
龸	28
𠂹	28
𠕋	28
𠫔	28
𫩏	28
㣺	27
丈	27
丽	27
么	27
乖	27
产	27
仑	27
仓	27
切	27
别	27
務	27
卞	27
厓	27
呙	27
咎	27
囊	27
囧	27
在	27
寻	27
封	27
尖	27
屰	27
彔	27
朔	27
朗	27
波	27
相	27
罷	27
考	27
肯	27
致	27
蟲	27
貫	27
雪	27
𠯑	27
𬼖	27
㝉	26
㞢	26
㥯	26
义	26
亮	26
函	26
堅	26
墨	26
壯	26
奠	26
家	26
察	26
審	26
就	26
崇	26
常	26
廌	26
急	26
截	26
执	26
敏	26
敞	26
朩	26
江	26
灵	26
然	26
畱	26
皋	26
看	26
竒	26
等	26
肀	26
辵	26
邕	26
邦	26
间	26
鬯	26
𠔼	26
𣅀	26
𤐫	26
㚔	25
乡	25
匿	25
哉	25
宂	25
射	25
岂	25
戒	25
戶	25
朝	25
法	25
焱	25
牢	25
狂	25
眞	25
矦	25
粲	25
罔	25
贲	25
达	25
逐	25
難	25
龵	25
𠤕	25
𡉵	25
𡕩	25
𭕄	25
リ	24
㕛	24
㸚	24
䝿	24
再	24
凢	24
卆	24
历	24
员	24
坚	24
奥	24
好	24
孔	24
宋	24
宾	24
嵬	24
師	24
幽	24
店	24
彗	24
憲	24
族	24
晃	24
枲	24
柰	24
爵	24
界	24
禸	24
秃	24
罗	24
罙	24
罢	24
肴	24
苦	24
茶	24
荒	24
訇	24
退	24
𠄌	24
𦉪	24
𰁜	24
𰮤	24
㕣	23
㷠	23
专	23
倝	23
冝	23
华	23
卝	23
基	23
威	23
宓	23
宰	23
州	23
弔	23
愈	23
掌	23
敬	23
書	23
条	23
析	23
毳	23
氶	23
渠	23
爱	23
産	23
盈	23
秝	23
脊	23
袁	23
負	23
賔	23
近	23
郭	23
都	23
量	23
靡	23
黎	23
𠔉	23
𠕀	23
𠫤	23
𠱠	23
𡈼	23
𣦼	23
𣪠	23
𤰇	23
𰀠	23
𰃦	23
㬅	22
㸒	22
乐	22
亲	22
伯	22
便	22
凹	22
勇	22
匈	22
厚	22
发	22
叵	22
吹	22
声	22
孕	22
孫	22
屑	22
屾	22
巷	22
带	22
弇	22
弘	22
忌	22
慧	22
斩	22
旲	22
時	22
欶	22
歮	22
歲	22
毕	22
盡	22
蘭	22
虔	22
责	22
赞	22
通	22
造	22
黹	22
𠩺	22
𠳮	22
𡍮	22
𡘆	22
𤰔	22
𥁕	22
𦙃	22
㲋	21
丌	21
兌	21
刑	21
初	21
卤	21
印	21
圼	21
坒	21
堆	21
奎	21
季	21
學	21
岩	21
岸	21
崩	21
已	21
徙	21
復	21
悉	21
患	21
惡	21
殿	21
渚	21
犀	21
獻	21
甶	21
畀	21
畜	21
畟	21
皷	21
粟	21
罓	21
舞	21
茸	21
遺	21
閑	21
頃	21
龱	21
𠂡	21
𠂭	21
𧴪	21
𨸏	21
𫲽	21
㚘	20
䙴	20
丏	20
东	20
乘	20
企	20
冡	20
動	20
匝	20
卪	20
另	20
命	20
哀	20
备	20
奢	20
孤	20
宇	20
寮	20
尽	20
巧	20
庄	20
府	20
役	20
待	20
戢	20
桼	20
條	20
梨	20
森	20
欣	20
滿	20
盆	20
筆	20
絜	20
羲	20
肥	20
臺	20
莽	20
著	20
蔡	20
薛	20
處	20
蚩	20
覽	20
豐	20
道	20
隆	20
雀	20
雔	20
飞	20
黃	20
𠤎	20
𣶒	20
𤔔	20
𦎧	20
𩙿	20
𩠐	20
𬀷	20
𰃮	20
㞷	19
㫐	19
丣	19
为	19
亰	19
以	19
修	19
僕	19
党	19
勒	19
勻	19
卵	19
厃	19
咨	19
啻	19
囱	19
妟	19
姜	19
孱	19
富	19
寒	19
岁	19
彌	19
數	19
楚	19
榮	19
欽	19
独	19
畫	19
短	19
祟	19
禽	19
節	19
聂	19
艾	19
藏	19
親	19
连	19
離	19
𠮷	19
𡘤	19
𡬠	19
𢼄	19
𦔮	19
𰀄	19
𰢴	19
丫	18
事	18
亨	18
他	18
勉	18
匹	18
厌	18
埋	18
夲	18
奭	18
婴	18
嶲	18
忝	18
斉	18
晶	18
杏	18
歳	18
焉	18
眔	18
移	18
納	18
纍	18
羗	18
肃	18
藍	18
虛	18
費	18
赖	18
阑	18
难	18
鮮	18
𠀁	18
𠬝	18
𡕰	18
𡷈	18
𣏼	18
𦚏	18
𬼉	18
㞋	17
䖒	17
丛	17
严	17
亇	17
亩	17
仕	17
伊	17
兟	17
內	17
兰	17
冃	17
刕	17
卄	17
厼	17
叒	17
壳	17
奧	17
寄	17
对	17
巟	17
廛	17
弥	17
彼	17
往	17
恒	17
所	17
政	17
显	17
棘	17
棠	17
殷	17
湯	17
烈	17
狊	17
猪	17
班	17
畨	17
睿	17
禀	17
篤	17
翼	17
虽	17
贡	17
進	17
閻	17
𠂎	17
𡰥	17
𢀩	17
𢧵	17
𢾕	17
𥃩	17
𥘅	17
𪉷	17
𬜯	17
𬺻	17
𭗼	17
㑒	16
䧹	16
䪞	16
乆	16
乌	16
乑	16
亯	16
兇	16
兊	16
刁	16
刅	16
到	16
刺	16
剽	16
劫	16
匪	16
却	16
吳	16
国	16
圅	16
圡	16
尓	16
属	16
屠	16
床	16
庫	16
律	16
徒	16
忠	16
恩	16
悶	16
戲	16
托	16
承	16
拉	16
新	16
智	16
柴	16
樊	16
歪	16
歯	16
泰	16
炭	16
燮	16
狄	16
疾	16
盇	16
眾	16
瞏	16
瞢	16
磨	16
秉	16
竝	16
箕	16
羕	16
聖	16
舜	16
芔	16
芬	16
苟	16
薄	16
衰	16
規	16
貧	16
蹇	16
遀	16
適	16
邪	16
閏	16
雙	16
雩	16
頻	16
顛	16
𤰞	16
𧆞	16
𫥞	16
𭻾	16
𰆊	16
㐁	15
㖾	15
㘝	15
㢴	15
两	15
何	15
信	15
兓	15
冀	15
冷	15
凾	15
刖	15
劉	15
勤	15
問	15
啚	15
囙	15
地	15
头	15
室	15
対	15
将	15
屚	15
屡	15
崙	15
彧	15
徵	15
怠	15
恭	15
慈	15
應	15
戹	15
摩	15
斿	15
杲	15
歛	15
爯	15
產	15
穿	15
算	15
紫	15
維	15
署	15
羸	15
苔	15
蓬	15
資	15
賢	15
贯	15
越	15
酓	15
開	15
閔	15
闷	15
隽	15
黒	15
𠂋	15
𠚏	15
𠚣	15
𠚪	15
𣥂	15
𣥖	15
𣦵	15
𣧄	15
𬙙	15
𭀰	15
𭁈	15
𰀡	15
𰕎	15
㡭	14
㣇	14
㫒	14
㼌	14
乾	14
亀	14
仒	14
使	14
侈	14
侵	14
倍	14
刄	14
削	14
卅	14
噩	14
囬	14
壘	14
夘	14
夨	14
夻	14
幻	14
広	14
得	14
愁	14
改	14
敷	14
昇	14
昱	14
曩	14
服	14
朕	14
歆	14
歇	14
歨	14
歸	14
清	14
漸	14
炅	14
牧	14
甸	14
畧	14
盎	14
眇	14
着	14
究	14
穹	14
窒	14
笑	14
笠	14
篭	14
細	14
罕	14
罡	14
翠	14
脩	14
茂	14
荼	14
董	14
袞	14
諸	14
賈	14
赦	14
輦	14
辡	14
遣	14
遷	14
部	14
鄉	14
龟	14
𠁁	14
𠁣	14
𠄢	14
𠧪	14
𡕒	14
𡗓	14
𡰪	14
𡰱	14
𢛳	14
𣅽	14
𣌢	14
𦬠	14
𨐌	14
𩫏	14
𪩲	14
𫔭	14
𫥎	14
𭑈	14
𮅕	14
𰯲	14
㐮	13
㒵	13
㢲	13
㪅	13
㫄	13
㽞	13
丢	13
乜	13
仁	13
则	13
匆	13
匱	13
卦	13
叹	13
启	13
啬	13
圓	13
夒	13
妄	13
姑	13
学	13
宝	13
屖	13
屵	13
岳	13
峯	13
崑	13
数	13
旣	13
望	13
欲	13
洛	13
活	13
煞	13
營	13
猋	13
献	13
疊	13
盛	13
眷	13
眼	13
碎	13
羍	13
羞	13
臧	13
芮	13
芳	13
蕉	13
蕭	13
藥	13
虐	13
虜	13
虞	13
衍	13
覓	13
貳	13
辥	13
过	13
逆	13
降	13
陳	13
隨	13
霜	13
靣	13
項	13
𠚤	13
𠦄	13
𡏳	13
𢦒	13
𣍘	13
𣏐	13
𦉰	13
𫢉	13
𮊿	13
㝡	12
㠩	12
㬥	12
丱	12
仍	12
仝	12
佘	12
兪	12
匂	12
医	12
厉	12
叀	12
吂	12
吋	12
唇	12
圂	12
圶	12
埀	12
奓	12
宮	12
寫	12
寬	12
巜	12
庭	12
張	12
彊	12
忿	12
恆	12
恶	12
惢	12
打	12
时	12
札	12
杳	12
款	12
歰	12
沃	12
沝	12
洗	12
洪	12
派	12
流	12
浪	12
淡	12
為	12
牚	12
牽	12
猒	12
瑟	12
的	12
盃	12
盤	12
破	12
科	12
窄	12
群	12
聊	12
舄	12
芺	12
荣	12
菆	12
菊	12
葵	12
蒿	12
虗	12
蠡	12
覧	12
誩	12
貇	12
边	12
送	12
逮	12
閃	12
閉	12
隼	12
雐	12
鲁	12
齋	12
者	12
𠃋	12
𠃜	12
𠧒	12
𠬛	12
𡧱	12
𤴓	12
𥃭	12
𦫸	12
𧵩	12
𪟽	12
𭅰	12
㚅	11
㡿	11
㼲	11
丵	11
亷	11
仐	11
位	11
兴	11
剡	11
务	11
劵	11
勃	11
和	11
哲	11
圍	11
处	11
奕	11
奞	11
妙	11
嬴	11
审	11
尭	11
尻	11
屎	11
弃	11
弍	11
弦	11
弯	11
強	11
彎	11
形	11
快	11
戛	11
把	11
收	11
敗	11
旅	11
暑	11
曇	11
杜	11
枝	11
格	11
梁	11
梟	11
毁	11
氷	11
汝	11
汞	11
泣	11
泥	11
浦	11
海	11
淮	11
灷	11
琴	11
皐	11
盒	11
箴	11
籴	11
糞	11
約	11
絫	11
綿	11
縣	11
繇	11
罪	11
羡	11
莆	11
蒼	11
薰	11
蜜	11
計	11
貟	11
貪	11
賞	11
贞	11
軟	11
配	11
錢	11
雁	11
雝	11
頡	11
鳳	11
𠀃	11
𠂛	11
𠂬	11
𠃎	11
𠃔	11
𠃬	11
𠦪	11
𠧗	11
𡉀	11
𡗢	11
𡿪	11
𢏚	11
𣁋	11
𣳾	11
𤴔	11
𥃦	11
𥘈	11
𦉫	11
𩵋	11
𫝀	11
𫠩	11
𬎾	11
𬎿	11
𬴘	11
𮍏	11
巢	11
𰀈	11
𰀢	11
𰥍	11
ユ	10
㗊	10
㞤	10
㫖	10
㳄	10
䏌	10
䖍	10
丗	10
亙	10
亜	10
但	10
佳	10
候	10
倠	10
備	10
养	10
冎	10
功	10
卣	10
卧	10
卻	10
卽	10
厨	10
叏	10
叩	10
垚	10
塞	10
壺	10
夐	10
奂	10
尌	10
屢	10
島	10
崖	10
巵	10
巸	10
席	10
彥	10
忘	10
戀	10
拿	10
推	10
提	10
斂	10
斊	10
楽	10
歴	10
毌	10
毫	10
沈	10
浮	10
深	10
減	10
点	10
烝	10
爕	10
珀	10
瑩	10
画	10
癹	10
祖	10
穀	10
穌	10
粵	10
羣	10
耷	10
膚	10
舉	10
苓	10
莘	10
萑	10
落	10
薦	10
號	10
衆	10
衛	10
衞	10
览	10
許	10
起	10
遲	10
邊	10
野	10
針	10
銀	10
閵	10
除	10
隱	10
雜	10
霞	10
霸	10
頗	10
駦	10
𠄎	10
𠕻	10
𠪚	10
𠬢	10
𡉊	10
𡌥	10
𡖅	10
𡨝	10
𡭕	10
𡭽	10
𡸁	10
𢌿	10
𢙣	10
𢼂	10
𣐩	10
𤊽	10
𤕨	10
𤽄	10
𥁑	10
𥇛	10
𥇡	10
𦘒	10
𦥚	10
𦬅	10
𧴲	10
𨾴	10
𫧇	10
𬜠	10
𭆆	10
𮥼	10
㕻	9
㠭	9
㣊	9
㬱	9
㸦	9
䌛	9
䒤	9
䚻	9
些	9
亽	9
仄	9
例	9
冊	9
刘	9
別	9
劣	9
匁	9
匃	9
匧	9
卌	9
厈	9
収	9
叢	9
吟	9
啟	9
喆	9
器	9
報	9
壁	9
夰	9
孰	9
寋	9
岌	9
廖	9
恙	9
慶	9
戰	9
挈	9
排	9
敉	9
料	9
斛	9
斜	9
旭	9
旻	9
昂	9
杂	9
村	9
枯	9
架	9
楙	9
欵	9
欺	9
歐	9
殻	9
毋	9
毘	9
氽	9
没	9
爹	9
物	9
璽	9
甯	9
略	9
皂	9
皕	9
盲	9
睂	9
窟	9
筮	9
粉	9
紅	9
終	9
結	9
絶	9
繭	9
羘	9
脅	9
腊	9
芏	9
芙	9
芸	9
茲	9
荀	9
菓	9
葱	9
蒪	9
蛋	9
蛮	9
蠢	9
衮	9
裊	9
褭	9
覩	9
规	9
豙	9
贛	9
费	9
赫	9
辜	9
辣	9
這	9
運	9
邛	9
郁	9
酒	9
錦	9
陵	9
電	9
靑	9
韰	9
領	9
馮	9
鬱	9
𠁅	9
𠂒	9
𠆣	9
𠕎	9
𠘬	9
𠙻	9
𠤏	9
𠪨	9
𠬪	9
𠮦	9
𡉚	9
𡨼	9
𡱝	9
𢁙	9
𢆯	9
𣎳	9
𣎵	9
𣏂	9
𣗥	9
𣥚	9
𥐧	9
𥑟	9
𦉼	9
𦍒	9
𦘔	9
𦲸	9
𧈧	9
𪋘	9
𪢴	9
𪾋	9
𫇰	9
𫼉	9
𬛸	9
𬺰	9
𭎊	9
𭦌	9
𭾱	9
𮥶	9
屮	9
甾	9
𰧭	9
𰲚	9
㝁	8
䙲	8
䨿	8
䴡	8
仇	8
体	8
佛	8
侃	8
倶	8
冠	8
冤	8
冧	8
冰	8
割	8
勑	8
匣	8
博	8
卭	8
叠	8
叫	8
吒	8
唯	8
喪	8
團	8
夙	8
奻	8
始	8
孨	8
宄	8
宐	8
宕	8
宴	8
寕	8
寛	8
寶	8
师	8
幹	8
应	8
弖	8
彪	8
征	8
徐	8
従	8
忒	8
怨	8
总	8
恋	8
恖	8
恚	8
恣	8
惟	8
愚	8
扈	8
技	8
持	8
敃	8
教	8
敻	8
斧	8
昝	8
昰	8
昴	8
晨	8
朮	8
李	8
桒	8
棐	8
楊	8
橐	8
歩	8
毗	8
汙	8
汤	8
汪	8
沐	8
沗	8
泊	8
烕	8
焚	8
熙	8
牪	8
畄	8
畕	8
盞	8
県	8
禮	8
秌	8
穷	8
窊	8
窮	8
筍	8
簽	8
耍	8
耿	8
肎	8
脣	8
节	8
苑	8
苜	8
茄	8
荄	8
萌	8
蘇	8
蠆	8
蠻	8
袲	8
覔	8
覺	8
謨	8
變	8
豩	8
賀	8
軒	8
軗	8
輕	8
辝	8
辠	8
遁	8
遠	8
選	8
還	8
邜	8
鄭	8
閙	8
閣	8
闲	8
陽	8
雉	8
雥	8
雹	8
預	8
頭	8
饒	8
魁	8
魏	8
麽	8
𠃏	8
𠃑	8
𠓜	8
𠔥	8
𠜊	8
𠦑	8
𠧧	8
𠫝	8
𠫯	8
𠮢	8
𠾂	8
𡘹	8
𡲬	8
𡴀	8
𢀜	8
𢆍	8
𢉖	8
𢍆	8
𢎘	8
𣏟	8
𣱵	8
𣷚	8
𤆌	8
𤆍	8
𦙚	8
𧈡	8
𨊢	8
𨺅	8
𪜀	8
𫎇	8
𫭠	8
𭁨	8
𭥐	8
𮂱	8
𮍌	8
𮎛	8
𮫙	8
〾	7
㕦	7
㕯	7
㡯	7
㪯	7
㬰	7
㽜	7
䖏	7
丠	7
乗	7
习	7
买	7
乱	7
仆	7
仲	7
伸	7
似	7
低	7
住	7
依	7
俸	7
倚	7
倩	7
儉	7
兜	7
冢	7
凥	7
処	7
凷	7
凸	7
刹	7
剛	7
剪	7
創	7
劍	7
动	7
勝	7
卨	7
卸	7
叁	7
吻	7
哭	7
售	7
嘼	7
囘	7
团	7
均	7
売	7
夔	7
夯	7
套	7
姿	7
嫩	7
孖	7
寇	7
寍	7
寓	7
實	7
層	7
岜	7
帇	7
序	7
庒	7
庾	7
廩	7
弭	7
彩	7
很	7
御	7
怒	7
恨	7
悟	7
慼	7
戜	7
扶	7
拏	7
招	7
括	7
拳	7
振	7
挼	7
断	7
斲	7
旉	7
昊	7
暮	7
曶	7
棃	7
棗	7
欒	7
欮	7
池	7
油	7
治	7
沾	7
淵	7
溪	7
灾	7
煩	7
熊	7
獄	7
畗	7
疐	7
痳	7
発	7
眠	7
祝	7
神	7
稍	7
窖	7
端	7
笔	7
符	7
第	7
策	7
篾	7
簡	7
类	7
粘	7
絭	7
緊	7
置	7
翌	7
聞	7
聯	7
脱	7
臥	7
舊	7
芖	7
荖	7
莊	7
莾	7
葡	7
蓮	7
蔥	7
藝	7
虑	7
被	7
補	7
覆	7
記	7
豋	7
豬	7
豹	7
貌	7
賊	7
负	7
质	7
迎	7
述	7
郡	7
钦	7
閭	7
闭	7
闹	7
阎	7
防	7
阻	7
陀	7
陁	7
附	7
陏	7
雇	7
靠	7
額	7
餒	7
鬳	7
麼	7
艹	7
𠄠	7
𠎤	7
𠓛	7
𠔁	7
𠔽	7
𠙹	7
𠙼	7
𠧢	7
𠨧	7
𠬦	7
𠬸	7
𠭥	7
𠮡	7
𠵛	7
𡇒	7
𡕙	7
𡖇	7
𡭴	7
𡱒	7
𢀛	7
𢆎	7
𢇂	7
𢈻	7
𢌬	7
𢎿	7
𢧜	7
𢽠	7
𣎼	7
𣪘	7
𤊙	7
𤓰	7
𤕫	7
𤰈	7
𤴡	7
𥞤	7
𦊁	7
𦎫	7
𦤃	7
𦨉	7
𦵮	7
𧴦	7
𨈡	7
𩰬	7
𪠨	7
𫔮	7
𫠠	7
𫠣	7
𫠥	7
𬉹	7
𬞕	7
𭁠	7
𭂫	7
𭇁	7
𭔰	7
寧	7
苦	7
𰦫	7
𰭝	7
㒹	6
㓜	6
㓹	6
㔻	6
㕓	6
㚒	6
㚓	6
㚖	6
㝎	6
㢘	6
㣎	6
㦮	6
㫗	6
㮚	6
㱏	6
㲿	6
㿽	6
䇂	6
䎜	6
䎡	6
䝨	6
䡛	6
䢉	6
乕	6
亝	6
仚	6
仰	6
件	6
众	6
伴	6
俊	6
傳	6
傾	6
兗	6
冇	6
冕	6
冨	6
刮	6
勅	6
勸	6
匇	6
匠	6
卮	6
卲	6
厺	6
变	6
呌	6
呑	6
嘉	6
囦	6
圈	6
園	6
坎	6
坡	6
培	6
夺	6
奸	6
妬	6
姦	6
娑	6
孽	6
宙	6
屛	6
岺	6
帣	6
座	6
庳	6
廚	6
廻	6
弆	6
弩	6
徹	6
恐	6
恧	6
慕	6
戓	6
戟	6
戴	6
戼	6
扣	6
投	6
披	6
擧	6
攀	6
敵	6
斐	6
斦	6
斫	6
昭	6
曅	6
曵	6
杰	6
柱	6
根	6
栽	6
椎	6
槖	6
毀	6
毎	6
污	6
津	6
洴	6
洽	6
涂	6
涅	6
淫	6
淼	6
準	6
滕	6
煮	6
熒	6
狀	6
狗	6
狠	6
猌	6
玫	6
珍	6
甄	6
甞	6
畓	6
畚	6
皁	6
皛	6
盗	6
盘	6
盜	6
砉	6
砳	6
社	6
祘	6
祿	6
私	6
秩	6
稚	6
種	6
稽	6
穎	6
窓	6
竄	6
竞	6
笨	6
管	6
箸	6
籥	6
粛	6
紂	6
統	6
繁	6
约	6
缺	6
罵	6
聑	6
肋	6
臨	6
舅	6
船	6
芝	6
芯	6
芾	6
苛	6
苹	6
苻	6
苾	6
茁	6
萃	6
萄	6
萈	6
葻	6
蒲	6
蓉	6
薨	6
薩	6
虱	6
蚕	6
衡	6
覚	6
覞	6
訥	6
語	6
謈	6
貍	6
貲	6
超	6
蹙	6
軋	6
載	6
輿	6
逄	6
逸	6
遙	6
遝	6
邱	6
鄧	6
鄰	6
釜	6
闒	6
闞	6
阮	6
陣	6
隐	6
隧	6
隷	6
雈	6
雯	6
鞠	6
頼	6
類	6
顯	6
须	6
飲	6
騫	6
鴈	6
鹽	6
麀	6
麋	6
龖	6
𠃨	6
𠓗	6
𠔳	6
𠕒	6
𠡠	6
𠦜	6
𠩓	6
𠩵	6
𠶷	6
𡆪	6
𡋲	6
𡌦	6
𡎐	6
𡕥	6
𡕨	6
𡥦	6
𡩟	6
𡯄	6
𡿫	6
𢀡	6
𢇁	6
𢇇	6
𢇛	6
𢎨	6
𢑚	6
𢒎	6
𢪒	6
𣎾	6
𣐉	6
𣢟	6
𣴎	6
𤔄	6
𥄳	6
𥈜	6
𥈠	6
𥪴	6
𥳑	6
𦊽	6
𦋍	6
𦍑	6
𦣝	6
𦤝	6
𦥷	6
𦧕	6
𧆠	6
𧈸	6
𪏯	6
𪢾	6
𪺏	6
𫟛	6
𫡏	6
𫪡	6
𫲸	6
𬃷	6
𭃂	6
𭅲	6
𭘧	6
𭴘	6
𮦆	6
𮧊	6
𮧯	6
丽	6
𥄳	6
𰀃	6
𰀕	6
𰗑	6
𰤔	6
𰤷	6
𱁈	6
ス	5
㕂	5
㕚	5
㝠	5
㝴	5
㣈	5
㦸	5
㦿	5
㪷	5
㫫	5
㱑	5
㲎	5
㳟	5
㶣	5
䂓	5
䂞	5
䓵	5
䗍	5
䨇	5
䩭	5
丼	5
亗	5
什	5
侌	5
假	5
偶	5
兖	5
准	5
凴	5
击	5
刊	5
判	5
刼	5
办	5
勳	5
卿	5
压	5
厙	5
呇	5
味	5
啓	5
嘗	5
囂	5
图	5
圖	5
坦	5
垕	5
墓	5
妹	5
娘	5
婆	5
孑	5
孙	5
宫	5
寂	5
寉	5
寔	5
寳	5
尐	5
幕	5
庇	5
庵	5
彬	5
徃	5
德	5
怛	5
戯	5
戸	5
戽	5
扃	5
扎	5
扸	5
抱	5
挐	5
捕	5
接	5
故	5
敇	5
效	5
救	5
斌	5
斎	5
斑	5
斷	5
旾	5
晉	5
暈	5
曆	5
期	5
朴	5
机	5
杉	5
杘	5
枋	5
枭	5
桂	5
梅	5
極	5
欢	5
歎	5
殊	5
氾	5
汒	5
汖	5
汗	5
汶	5
汸	5
決	5
沂	5
沮	5
泠	5
注	5
洎	5
浩	5
浸	5
渐	5
湛	5
溜	5
漂	5
漢	5
潭	5
災	5
炗	5
煎	5
燅	5
爂	5
牀	5
犂	5
狸	5
狺	5
猶	5
珠	5
珡	5
瓠	5
甍	5
甡	5
畣	5
疎	5
疏	5
盟	5
研	5
穵	5
窜	5
竿	5
笛	5
筑	5
粥	5
精	5
糜	5
絡	5
縻	5
羆	5
羹	5
耤	5
耦	5
耨	5
耽	5
聀	5
联	5
胄	5
胤	5
脉	5
臸	5
舁	5
舋	5
芉	5
芣	5
芩	5
芷	5
芽	5
苴	5
范	5
茅	5
茟	5
荔	5
莑	5
莖	5
菁	5
萅	5
萊	5
萠	5
萧	5
萱	5
葬	5
葴	5
蒂	5
蓺	5
蔵	5
蕊	5
蕙	5
藺	5
螢	5
衾	5
裁	5
裂	5
裔	5
裘	5
裴	5
觜	5
訔	5
誰	5
調	5
論	5
謁	5
貮	5
貶	5
賤	5
贑	5
贤	5
轉	5
轟	5
迅	5
迶	5
逹	5
遇	5
遍	5
遟	5
邵	5
郑	5
酸	5
釣	5
鍾	5
闕	5
限	5
陰	5
陶	5
隓	5
雽	5
震	5
霖	5
露	5
靜	5
靴	5
頂	5
頓	5
頹	5
顒	5
願	5
顷	5
项	5
频	5
颠	5
餐	5
駡	5
騰	5
鳴	5
默	5
鼡	5
𠀬	5
𠀷	5
𠁊	5
𠁗	5
𠅃	5
𠆳	5
𠌶	5
𠔀	5
𠔃	5
𠚍	5
𠣬	5
𠥓	5
𠦂	5
𠦅	5
𠪩	5
𠯌	5
𠯳	5
𠰞	5
𠱄	5
𠳋	5
𠶮	5
𡉣	5
𡉤	5
𡉼	5
𡘩	5
𡘽	5
𡙕	5
𡨥	5
𡨴	5
𡬳	5
𡬶	5
𡯎	5
𡰯	5
𡵂	5
𡶤	5
𢃄	5
𢊁	5
𢊆	5
𢍉	5
𢖻	5
𢦙	5
𢦶	5
𢨋	5
𣁁	5
𣅋	5
𣆊	5
𣐀	5
𣑦	5
𣫞	5
𣱳	5
𣲇	5
𤉘	5
𤌑	5
𤕦	5
𤝵	5
𤮺	5
𤼩	5
𤼭	5
𥄎	5
𥎦	5
𥘿	5
𥞫	5
𥤦	5
𥤧	5
𥸭	5
𥹫	5
𦆕	5
𦉬	5
𦍍	5
𦞅	5
𦧚	5
𦫽	5
𦬇	5
𧮫	5
𧺆	5
𪐗	5
𪟩	5
𪯢	5
𪽋	5
𫀄	5
𫂱	5
𫠤	5
𫨻	5
𬑔	5
𬑹	5
𬹝	5
𬼀	5
𭕆	5
𭕘	5
𭖒	5
𭠍	5
𭥭	5
𭩢	5
𭫒	5
𭯍	5
𭼽	5
𮕜	5
直	5
賁	5
𰀆	5
𰅰	5
𰅴	5
𰏒	5
𰏤	5
𰡮	5
𰢱	5
𰦒	5
㐀	4
㕑	4
㕘	4
㕟	4
㕥	4
㘠	4
㚐	4
㝊	4
㝹	4
㞑	4
㢈	4
㦰	4
㪍	4
㫃	4
㭊	4
㲃	4
㲽	4
㳊	4
㴆	4
㷊	4
㺯	4
㿟	4
䀄	4
䀏	4
䄅	4
䑞	4
䒩	4
䒱	4
䔲	4
䘚	4
䙳	4
䝉	4
䠶	4
両	4
书	4
仃	4
仙	4
佐	4
佑	4
佰	4
侍	4
供	4
俎	4
俗	4
俻	4
倒	4
倘	4
倫	4
偉	4
偏	4
健	4
儞	4
儵	4
兎	4
兢	4
冞	4
冭	4
凱	4
凿	4
划	4
刷	4
券	4
刻	4
副	4
勗	4
勲	4
勼	4
匛	4
卥	4
厖	4
厗	4
厝	4
叙	4
吁	4
吐	4
听	4
吿	4
咒	4
啄	4
嚻	4
囤	4
囲	4
坌	4
埃	4
埜	4
域	4
塵	4
墊	4
墮	4
壅	4
夀	4
奋	4
奶	4
娥	4
婪	4
媒	4
宦	4
宩	4
宪	4
寥	4
寵	4
専	4
履	4
峉	4
嵩	4
巖	4
帋	4
廢	4
异	4
弊	4
弌	4
弹	4
弼	4
彫	4
後	4
循	4
徴	4
忸	4
怕	4
怪	4
悳	4
惹	4
戞	4
抗	4
担	4
拈	4
拾	4
揖	4
揭	4
擎	4
旂	4
旃	4
旗	4
昗	4
昚	4
晁	4
晟	4
暫	4
暹	4
杭	4
染	4
样	4
栾	4
梄	4
梢	4
棄	4
棊	4
槀	4
模	4
横	4
歡	4
歬	4
残	4
殘	4
殼	4
殽	4
毄	4
毅	4
毓	4
汀	4
汎	4
汨	4
沛	4
沪	4
沼	4
泪	4
泵	4
洒	4
洰	4
洱	4
涑	4
涓	4
淋	4
淺	4
溺	4
澧	4
炮	4
焭	4
煢	4
照	4
熱	4
爨	4
特	4
犁	4
犯	4
狐	4
猗	4
猜	4
獨	4
珎	4
甕	4
畁	4
畬	4
病	4
皼	4
盂	4
碍	4
祚	4
禄	4
秘	4
称	4
積	4
窅	4
笃	4
笞	4
筫	4
筵	4
箭	4
篆	4
簪	4
簫	4
簿	4
籌	4
籠	4
粤	4
紙	4
組	4
綠	4
綦	4
綽	4
縢	4
纂	4
绝	4
罽	4
羑	4
羙	4
羼	4
翦	4
翳	4
耐	4
聮	4
聽	4
肜	4
胷	4
脾	4
臘	4
臰	4
舎	4
艺	4
芊	4
芥	4
芭	4
苕	4
茓	4
茖	4
茤	4
莎	4
莞	4
菜	4
菲	4
蓝	4
蓼	4
蔓	4
蔿	4
薾	4
蘥	4
虏	4
虢	4
虤	4
虧	4
虵	4
虹	4
蛇	4
蠒	4
裏	4
襾	4
覇	4
觧	4
觱	4
詔	4
謹	4
譱	4
讎	4
诸	4
豫	4
貰	4
貿	4
賜	4
賽	4
贔	4
资	4
赣	4
輪	4
辳	4
迁	4
迈	4
还	4
迪	4
迴	4
适	4
逌	4
逵	4
遄	4
遗	4
遮	4
遼	4
郞	4
郤	4
醫	4
鈍	4
鈞	4
銜	4
鍂	4
閜	4
關	4
闡	4
闪	4
闰	4
闵	4
陋	4
隂	4
隣	4
隸	4
雅	4
雞	4
霧	4
静	4
靚	4
鞫	4
韲	4
頪	4
頴	4
頺	4
頽	4
題	4
顥	4
馽	4
驫	4
髙	4
鬵	4
鲜	4
鳯	4
鶯	4
鸞	4
麇	4
齧	4
龨	4
者	4
𠀒	4
𠀕	4
𠁽	4
𠂕	4
𠂝	4
𠃛	4
𠄟	4
𠇊	4
𠕾	4
𠛬	4
𠛱	4
𠠴	4
𠣞	4
𠦃	4
𠦍	4
𠦡	4
𠧦	4
𠩋	4
𠫘	4
𠫡	4
𠫼	4
𠮚	4
𠮥	4
𠮲	4
𠳬	4
𡆫	4
𡇂	4
𡈽	4
𡊭	4
𡔲	4
𡗞	4
𡥀	4
𡥉	4
𡧎	4
𡧼	4
𡨤	4
𡩏	4
𡰣	4
𡰤	4
𡳾	4
𡴆	4
𡴯	4
𡵃	4
𡻕	4
𡼡	4
𡿧	4
𢀳	4
𢁟	4
𢇍	4
𢉙	4
𢍃	4
𢍄	4
𢎥	4
𢒂	4
𢗰	4
𢦍	4
𢪛	4
𢽟	4
𣆪	4
𣎽	4
𣐥	4
𣚨	4
𣥏	4
𣥕	4
𣥜	4
𣦃	4
𣪏	4
𣶃	4
𤋮	4
𤋱	4
𤎭	4
𤕰	4
𤬦	4
𤭃	4
𤰅	4
𤰗	4
𤰻	4
𤲅	4
𤲶	4
𤳳	4
𥃫	4
𥄉	4
𥄗	4
𥄧	4
𥈀	4
𥎿	4
𥘣	4
𥘾	4
𥙊	4
𥝻	4
𥥗	4
𥪖	4
𦉴	4
𦍤	4
𦏾	4
𦒳	4
𦓈	4
𦓤	4
𦔻	4
𦙅	4
𦙊	4
𦙟	4
𦨚	4
𦬆	4
𦯧	4
𧇖	4
𧈹	4
𧘗	4
𧸇	4
𨊴	4
𩁹	4
𩫖	4
𩶷	4
𩺰	4
𪜊	4
𪯎	4
𫁒	4
𫂁	4
𫈦	4
𫊣	4
𫟯	4
𫡃	4
𫩞	4
𫯜	4
𫳭	4
𫵖	4
𬉸	4
𬐚	4
𬗌	4
𬺞	4
𬼽	4
𭆙	4
𭍺	4
𭑨	4
𭘍	4
𭣢	4
𭣤	4
𭣦	4
𭥍	4
𭧂	4
𭵝	4
𭶰	4
𮉼	4
𮎰	4
𮓗	4
𮔀	4
𮘎	4
𮙥	4
𮙸	4
𮚋	4
𮥴	4
𮥿	4
𠕋	4
異	4
真	4
鼻	4
𰁦	4
𰋙	4
𰋷	4
𰍧	4
𰍰	4
𰙩	4
𰤲	4
𰯯	4
𰰜	4
𱅑	4
〇	3
㓂	3
㓛	3
㓨	3
㔫	3
㔿	3
㕁	3
㖖	3
㘴	3
㜽	3
㝑	3
㝛	3
㞌	3
㞕	3
㞧	3
㞱	3
㢟	3
㤲	3
㨨	3
㪚	3
㬜	3
㯤	3
㯥	3
㲜	3
㷀	3
㹜	3
㻎	3
㼱	3
㿝	3
䁝	3
䆓	3
䆫	3
䆸	3
䇔	3
䇤	3
䊆	3
䍒	3
䑓	3
䒥	3
䓁	3
䖉	3
䙵	3
䝱	3
䟫	3
䟽	3
䩗	3
䩻	3
䫉	3
䬕	3
䰜	3
䲆	3
丳	3
乊	3
亂	3
亖	3
亳	3
仅	3
仔	3
仟	3
仺	3
伇	3
伶	3
佉	3
佊	3
你	3
係	3
俟	3
俥	3
借	3
偃	3
偘	3
傕	3
傘	3
催	3
債	3
児	3
兾	3
円	3
写	3
冯	3
冲	3
决	3
冾	3
减	3
凣	3
凭	3
凮	3
刧	3
剔	3
剥	3
劇	3
劭	3
労	3
勁	3
勘	3
勵	3
勽	3
匐	3
匙	3
匨	3
匩	3
匯	3
匾	3
単	3
厏	3
厒	3
叓	3
哈	3
唄	3
唫	3
嗀	3
嗚	3
嗣	3
囡	3
囪	3
囯	3
坔	3
坤	3
垒	3
堃	3
塊	3
塶	3
壐	3
壵	3
夎	3
夤	3
夿	3
奊	3
奪	3
奰	3
姆	3
嫌	3
孜	3
孴	3
孹	3
实	3
宷	3
宽	3
寘	3
寡	3
尝	3
崗	3
崟	3
嵐	3
嶭	3
币	3
帖	3
帥	3
庂	3
庙	3
废	3
庣	3
庻	3
廆	3
廪	3
廱	3
张	3
归	3
彝	3
影	3
徂	3
徽	3
怘	3
怯	3
恥	3
恪	3
恵	3
恿	3
悪	3
惑	3
想	3
惺	3
慝	3
憨	3
抄	3
抈	3
护	3
报	3
抳	3
拂	3
拋	3
拘	3
拙	3
捷	3
掉	3
措	3
搴	3
撲	3
撻	3
擇	3
攣	3
敀	3
敂	3
敛	3
斁	3
斋	3
旖	3
昋	3
昛	3
昨	3
昫	3
晜	3
晷	3
暗	3
暠	3
暨	3
曽	3
朙	3
杯	3
板	3
枉	3
枕	3
枽	3
柏	3
査	3
栄	3
栆	3
桊	3
桓	3
梦	3
梵	3
棕	3
棧	3
棨	3
椉	3
榦	3
橆	3
橤	3
欝	3
欦	3
欧	3
欻	3
歈	3
歋	3
殄	3
毐	3
気	3
氹	3
汲	3
汾	3
沉	3
沸	3
泛	3
泡	3
泴	3
洀	3
洋	3
洞	3
洼	3
浂	3
浹	3
消	3
涉	3
混	3
湔	3
源	3
溓	3
溥	3
溸	3
滑	3
滔	3
漏	3
潘	3
澡	3
濫	3
灌	3
灻	3
灼	3
炉	3
炊	3
炱	3
热	3
烹	3
熟	3
熹	3
燹	3
牒	3
牝	3
牡	3
犇	3
犱	3
犾	3
狼	3
猫	3
猷	3
獲	3
玆	3
玩	3
玲	3
現	3
理	3
琶	3
瓮	3
甜	3
畠	3
畿	3
疵	3
瘦	3
皓	3
盅	3
盏	3
盐	3
盝	3
眗	3
睒	3
睡	3
睢	3
矜	3
矩	3
矯	3
砭	3
碧	3
祀	3
祁	3
祥	3
禍	3
福	3
禦	3
禿	3
秂	3
秇	3
稀	3
程	3
稣	3
稫	3
稱	3
穸	3
穾	3
窋	3
窕	3
窞	3
窡	3
窣	3
竇	3
竭	3
笄	3
笪	3
筒	3
筲	3
简	3
箋	3
篇	3
篙	3
籃	3
粗	3
粪	3
糺	3
紊	3
純	3
絇	3
絕	3
給	3
絹	3
綺	3
緘	3
練	3
縈	3
縛	3
縠	3
縷	3
總	3
繯	3
红	3
纣	3
纳	3
罌	3
罣	3
翬	3
翰	3
耕	3
耗	3
耻	3
聃	3
肘	3
肫	3
肿	3
胆	3
胎	3
脈	3
脛	3
腐	3
膏	3
膠	3
舒	3
艶	3
芃	3
芋	3
芌	3
芍	3
芘	3
芟	3
芫	3
芴	3
苁	3
苂	3
苏	3
苐	3
苠	3
苪	3
苶	3
茈	3
茍	3
茴	3
茵	3
茹	3
茻	3
茿	3
荂	3
荐	3
荧	3
莉	3
莧	3
莭	3
莹	3
菀	3
菌	3
菫	3
菴	3
萁	3
萎	3
营	3
葦	3
蒸	3
蓁	3
蓻	3
蔭	3
蕇	3
蕑	3
蕫	3
薑	3
薔	3
薬	3
虡	3
蚉	3
蚊	3
蛬	3
融	3
蟸	3
蠱	3
蠶	3
術	3
褰	3
視	3
觉	3
討	3
訓	3
託	3
訾	3
詈	3
詐	3
詧	3
詩	3
該	3
誊	3
課	3
譶	3
许	3
豚	3
貼	3
賫	3
贫	3
贺	3
贾	3
跛	3
躬	3
軌	3
軎	3
輂	3
輩	3
輸	3
辇	3
辭	3
迍	3
迥	3
迫	3
迮	3
迸	3
透	3
逾	3
遅	3
遏	3
遶	3
邁	3
鄕	3
醜	3
釗	3
鈴	3
鉗	3
鉢	3
鑫	3
閠	3
闇	3
闖	3
问	3
阳	3
阴	3
陖	3
陜	3
陟	3
院	3
陪	3
陷	3
陸	3
随	3
隤	3
險	3
雄	3
雖	3
霅	3
霆	3
霤	3
靃	3
靳	3
韶	3
頑	3
頣	3
顔	3
顚	3
颉	3
颓	3
餘	3
騳	3
魂	3
魄	3
魔	3
魝	3
鴨	3
鷹	3
麕	3
麤	3
鼏	3
龎	3
充	3
𠀆	3
𠀠	3
𠁤	3
𠂑	3
𠂷	3
𠃒	3
𠄐	3
𠅖	3
𠆆	3
𠆦	3
𠇩	3
𠊳	3
𠍳	3
𠑽	3
𠑾	3
𠒃	3
𠒆	3
𠒋	3
𠔾	3
𠕌	3
𠕵	3
𠕷	3
𠖀	3
𠙵	3
𠛫	3
𠠵	3
𠣜	3
𠤻	3
𠦏	3
𠧚	3
𠧴	3
𠧸	3
𠨣	3
𠨬	3
𠨿	3
𠪥	3
𠫵	3
𠫹	3
𠬩	3
𠭃	3
𠮝	3
𠮠	3
𠮣	3
𠮰	3
𠯂	3
𠯭	3
𠷰	3
𠹈	3
𠾳	3
𡇢	3
𡉃	3
𡉰	3
𡊚	3
𡊥	3
𡊦	3
𡋐	3
𡍏	3
𡔢	3
𡕖	3
𡕢	3
𡗉	3
𡗮	3
𡘑	3
𡘲	3
𡙗	3
𡙢	3
𡥈	3
𡧇	3
𡧍	3
𡨦	3
𡩋	3
𡩜	3
𡩧	3
𡫟	3
𡬽	3
𡯂	3
𡱂	3
𡵖	3
𡶇	3
𡶩	3
𡻎	3
𡿱	3
𢁅	3
𢁝	3
𢁳	3
𢈎	3
𢈙	3
𢋨	3
𢌳	3
𢍁	3
𢍍	3
𢎟	3
𢓤	3
𢗀	3
𢚩	3
𢛧	3
𢡃	3
𢧤	3
𢨯	3
𢨳	3
𢾰	3
𢿌	3
𢿨	3
𣀦	3
𣂑	3
𣂜	3
𣅂	3
𣅳	3
𣆉	3
𣆫	3
𣇛	3
𣌡	3
𣍝	3
𣎴	3
𣎶	3
𣐁	3
𣘐	3
𣛕	3
𣢾	3
𣥶	3
𣦻	3
𣱲	3
𣲙	3
𣿕	3
𤆅	3
𤆬	3
𤇫	3
𤉄	3
𤍾	3
𤓯	3
𤔌	3
𤤴	3
𤯓	3
𤲃	3
𤲢	3
𤿤	3
𥃯	3
𥃰	3
𥃲	3
𥄃	3
𥄲	3
𥎩	3
𥝤	3
𥟅	3
𥥍	3
𥱩	3
𥻆	3
𥽘	3
𦃃	3
𦄐	3
𦉶	3
𦍎	3
𦏁	3
𦗟	3
𦟝	3
𦤎	3
𦥒	3
𦥝	3
𦫳	3
𦬊	3
𦬑	3
𦬞	3
𦬰	3
𦬵	3
𦬸	3
𦭤	3
𦵯	3
𦾈	3
𦾓	3
𧆨	3
𧋠	3
𧞻	3
𧥢	3
𧨅	3
𧯞	3
𧱏	3
𧴵	3
𧴹	3
𧶠	3
𧿈	3
𨑲	3
𨚫	3
𨟻	3
𨤾	3
𨥫	3
𨶒	3
𨽻	3
𨿳	3
𩇮	3
𩔊	3
𩡱	3
𩰥	3
𩱕	3
𪅝	3
𪚰	3
𪜕	3
𪟄	3
𪢶	3
𪤷	3
𪩡	3
𪫩	3
𪰊	3
𪰖	3
𪱴	3
𪳐	3
𪺕	3
𪺽	3
𪽗	3
𫊝	3
𫒀	3
𫕻	3
𫝕	3
𫠙	3
𫤘	3
𫨂	3
𫯁	3
𫯝	3
𫲓	3
𫲵	3
𫳂	3
𫾦	3
𬄜	3
𬇊	3
𬏝	3
𬙸	3
𬯁	3
𬯵	3
𬺷	3
𬽪	3
𬾕	3
𭁟	3
𭁴	3
𭄘	3
𭄶	3
𭅄	3
𭅒	3
𭇥	3
𭍠	3
𭑃	3
𭒹	3
𭓩	3
𭔺	3
𭕇	3
𭜨	3
𭟲	3
𭣖	3
𭤟	3
𭥕	3
𭥫	3
𭥴	3
𭦗	3
𭩠	3
𭩶	3
𭫝	3
𭼩	3
𭽀	3
𭾐	3
𭾬	3
𮂸	3
𮋛	3
𮒹	3
𮕩	3
𮖐	3
𮙺	3
𮥷	3
𮩴	3
𮮠	3
兔	3
冗	3
刃	3
包	3
咢	3
切	3
慈	3
敏	3
敬	3
望	3
流	3
𰂙	3
𰄔	3
𰉗	3
𰏮	3
𰕣	3
𰗣	3
𰛅	3
𰟚	3
𰲝	3
𰶵	3
𱋁	3
α	2
㐆	2
㐋	2
㐩	2
㐪	2
㐲	2
㑞	2
㑴	2
㒴	2
㒺	2
㓤	2
㓩	2
㔍	2
㔷	2
㔽	2
㕉	2
㕖	2
㕡	2
㕢	2
㕿	2
㘳	2
㘶	2
㘸	2
㙜	2
㙯	2
㚆	2
㚈	2
㚏	2
㚣	2
㚻	2
㝐	2
㝢	2
㝬	2
㞎	2
㞡	2
㞣	2
㞪	2
㞺	2
㠪	2
㢆	2
㢶	2
㨗	2
㪔	2
㪣	2
㮊	2
㮣	2
㯎	2
㰳	2
㱅	2
㱕	2
㱛	2
㲺	2
㳉	2
㳝	2
㳮	2
㷅	2
㷦	2
㹞	2
㺳	2
㽔	2
㽚	2
㽵	2
㾇	2
㾜	2
㿾	2
䀐	2
䀜	2
䂝	2
䄪	2
䅈	2
䆣	2
䆤	2
䆥	2
䇝	2
䇥	2
䈁	2
䈞	2
䋈	2
䋣	2
䍐	2
䍘	2
䏎	2
䏙	2
䑣	2
䒚	2
䒺	2
䓗	2
䔘	2
䔡	2
䔥	2
䕌	2
䖟	2
䖭	2
䙷	2
䚺	2
䜟	2
䜭	2
䠣	2
䢅	2
䣈	2
䦚	2
䦧	2
䦲	2
䧟	2
䰟	2
䳆	2
䵗	2
丒	2
丝	2
丟	2
丯	2
举	2
乁	2
乒	2
亹	2
仉	2
仞	2
份	2
伎	2
伙	2
伝	2
伞	2
伽	2
佩	2
佫	2
佴	2
侎	2
侠	2
侣	2
促	2
俐	2
俚	2
俱	2
俼	2
個	2
倐	2
倗	2
倭	2
偎	2
偒	2
傅	2
僃	2
僚	2
僭	2
僺	2
億	2
儒	2
兂	2
兠	2
兦	2
冚	2
冟	2
冩	2
凃	2
凋	2
凌	2
凝	2
凧	2
凬	2
凰	2
刈	2
刚	2
剎	2
剖	2
劔	2
努	2
劬	2
効	2
劼	2
勛	2
募	2
勢	2
匍	2
匮	2
匳	2
匼	2
卋	2
卫	2
厊	2
厎	2
厦	2
厮	2
厳	2
叄	2
叞	2
叡	2
叧	2
叨	2
叶	2
吇	2
吠	2
呄	2
呅	2
呉	2
呰	2
呴	2
呵	2
咪	2
咬	2
咱	2
哏	2
哨	2
哩	2
唬	2
啼	2
喦	2
嗎	2
嗐	2
嗔	2
噐	2
噴	2
嚚	2
园	2
围	2
囿	2
圆	2
圉	2
圜	2
圯	2
圴	2
坊	2
坏	2
坟	2
坣	2
坸	2
垁	2
垢	2
垣	2
城	2
堵	2
堹	2
塋	2
塍	2
塢	2
塩	2
塹	2
墾	2
壓	2
壮	2
壼	2
夃	2
夛	2
夳	2
夶	2
奅	2
奩	2
奮	2
奼	2
妨	2
妮	2
姪	2
娃	2
娜	2
婏	2
媚	2
嫈	2
孒	2
孓	2
孩	2
宎	2
宖	2
宥	2
宵	2
宼	2
寀	2
寁	2
寃	2
寗	2
寨	2
寰	2
尕	2
尘	2
尙	2
尥	2
尫	2
层	2
屆	2
屇	2
屐	2
屓	2
岀	2
岗	2
岛	2
峙	2
峩	2
峲	2
嵒	2
嵗	2
嶷	2
巻	2
帮	2
幣	2
庀	2
庁	2
庅	2
库	2
庖	2
庛	2
廓	2
廟	2
廡	2
廼	2
弧	2
彈	2
彘	2
彙	2
彤	2
彰	2
彷	2
彿	2
徇	2
怎	2
怗	2
怽	2
恠	2
恢	2
恬	2
恰	2
恳	2
悁	2
悎	2
悖	2
悘	2
悥	2
惪	2
惮	2
惰	2
惱	2
愽	2
愿	2
慐	2
慚	2
慜	2
憃	2
憑	2
憧	2
懇	2
懶	2
懷	2
懺	2
懿	2
戏	2
战	2
戝	2
戬	2
戱	2
戺	2
戻	2
扆	2
扛	2
扩	2
扮	2
扯	2
扱	2
扲	2
扳	2
找	2
抉	2
抖	2
抽	2
抾	2
拃	2
拍	2
拐	2
拑	2
拔	2
择	2
拯	2
挑	2
挙	2
挨	2
捉	2
捎	2
捨	2
捼	2
掛	2
掣	2
掽	2
揾	2
搖	2
搶	2
摘	2
摷	2
摹	2
撒	2
播	2
撮	2
撿	2
操	2
擢	2
攝	2
攺	2
攻	2
敍	2
敲	2
整	2
斈	2
斝	2
斟	2
斨	2
斵	2
旑	2
旙	2
旳	2
旵	2
旺	2
昀	2
昃	2
昕	2
昺	2
晝	2
暏	2
暖	2
暘	2
暜	2
暦	2
曡	2
曺	2
曻	2
朽	2
杗	2
杠	2
杨	2
杴	2
杼	2
枀	2
枦	2
柆	2
柑	2
柕	2
柘	2
柯	2
柳	2
柿	2
栞	2
校	2
核	2
案	2
桌	2
桎	2
桘	2
桝	2
梧	2
梪	2
棋	2
棒	2
棱	2
棸	2
棹	2
棻	2
椂	2
楇	2
楞	2
楫	2
楬	2
楺	2
榜	2
榴	2
槃	2
構	2
槯	2
槽	2
樋	2
樓	2
標	2
樞	2
樣	2
樵	2
樸	2
橋	2
橑	2
檗	2
權	2
欪	2
欬	2
欹	2
欿	2
歃	2
歧	2
殂	2
毖	2
毟	2
毦	2
氈	2
氛	2
汇	2
汉	2
汍	2
汜	2
汦	2
汵	2
沁	2
沅	2
沔	2
沚	2
沟	2
沫	2
沬	2
沱	2
河	2
沶	2
泓	2
泙	2
泜	2
泫	2
泯	2
泳	2
洉	2
洍	2
洝	2
洟	2
洣	2
洫	2
浅	2
浐	2
浡	2
浱	2
浽	2
涄	2
涯	2
涵	2
涷	2
淂	2
淑	2
淙	2
淦	2
淶	2
渄	2
渊	2
温	2
渴	2
游	2
湄	2
湅	2
湖	2
湳	2
湼	2
湿	2
満	2
溫	2
滂	2
滅	2
滌	2
滛	2
滞	2
滷	2
漅	2
漣	2
漫	2
漻	2
潁	2
潐	2
潢	2
澁	2
澤	2
澰	2
濁	2
濃	2
濟	2
濯	2
瀝	2
瀧	2
灮	2
灳	2
灸	2
炘	2
炳	2
烋	2
烓	2
烦	2
烾	2
焏	2
焸	2
煑	2
煙	2
熬	2
燊	2
燒	2
燾	2
牂	2
版	2
牋	2
牨	2
犖	2
犢	2
狱	2
獚	2
玑	2
玖	2
玟	2
玪	2
球	2
瑞	2
瑪	2
瓢	2
甗	2
町	2
畎	2
畤	2
疉	2
疳	2
痛	2
痺	2
皅	2
盁	2
盌	2
盰	2
盱	2
眀	2
眘	2
眛	2
眧	2
督	2
睾	2
瞐	2
瞗	2
矤	2
砅	2
砍	2
硬	2
碓	2
碭	2
確	2
磿	2
祋	2
禼	2
秊	2
秏	2
稈	2
稓	2
稔	2
稗	2
稜	2
稳	2
穆	2
窑	2
窘	2
窩	2
竘	2
站	2
竛	2
竦	2
竪	2
竺	2
笀	2
笋	2
笍	2
笙	2
笺	2
笼	2
筏	2
筓	2
筭	2
筴	2
筶	2
筹	2
箄	2
箑	2
箜	2
範	2
築	2
篗	2
篚	2
篡	2
篸	2
簋	2
簾	2
籍	2
粒	2
粜	2
粞	2
粽	2
紋	2
級	2
紛	2
紡	2
絛	2
絮	2
絰	2
絽	2
綏	2
緂	2
緐	2
緝	2
緣	2
編	2
緩	2
縮	2
縳	2
繒	2
繞	2
纖	2
纯	2
统	2
绳	2
维	2
绵	2
缘	2
罃	2
罍	2
罧	2
罨	2
罩	2
羋	2
羨	2
羮	2
羴	2
羿	2
翔	2
翚	2
翛	2
翜	2
翣	2
翽	2
耄	2
耇	2
耋	2
耴	2
聆	2
聒	2
聘	2
聲	2
職	2
聼	2
肆	2
肇	2
肌	2
肓	2
肗	2
肚	2
股	2
肬	2
肰	2
胍	2
胙	2
胞	2
胠	2
脂	2
脚	2
脫	2
脯	2
脹	2
腔	2
腦	2
腫	2
腮	2
腰	2
腱	2
腸	2
膝	2
臂	2
臠	2
臦	2
臮	2
臻	2
舃	2
航	2
舵	2
艁	2
艷	2
艿	2
芆	2
芎	2
芑	2
芕	2
芚	2
芡	2
芹	2
芼	2
芿	2
苖	2
苫	2
苲	2
茀	2
茆	2
茌	2
茜	2
荃	2
荑	2
荘	2
荳	2
荷	2
荸	2
莁	2
莤	2
莨	2
莩	2
莪	2
菛	2
菟	2
菩	2
菱	2
菹	2
萗	2
萦	2
萲	2
葍	2
葢	2
蒐	2
蒯	2
蓄	2
蓆	2
蓲	2
蔄	2
蔍	2
蔕	2
蔗	2
蔴	2
蔺	2
蔽	2
蕁	2
蕈	2
蕚	2
蕩	2
蕳	2
薇	2
薎	2
薜	2
薟	2
薫	2
薯	2
藋	2
蘆	2
蘖	2
虩	2
虳	2
虺	2
虾	2
蛛	2
蝱	2
蠃	2
衢	2
袅	2
裒	2
褢	2
覈	2
觀	2
觅	2
觔	2
觚	2
觸	2
訪	2
設	2
評	2
詳	2
誅	2
誇	2
説	2
諫	2
謀	2
謄	2
謇	2
譖	2
讀	2
讐	2
讒	2
计	2
谒	2
豁	2
豉	2
豎	2
豤	2
豳	2
貈	2
貘	2
財	2
貸	2
賃	2
賷	2
贅	2
贏	2
贪	2
贰	2
贳	2
贼	2
赐	2
赛	2
趂	2
趙	2
跱	2
跳	2
蹄	2
躭	2
躳	2
軫	2
軬	2
輈	2
輙	2
轎	2
轧	2
轨	2
轻	2
载	2
辨	2
辯	2
辺	2
迄	2
迏	2
进	2
远	2
迡	2
迦	2
迨	2
迭	2
逃	2
途	2
逛	2
逝	2
逼	2
遐	2
遴	2
遽	2
郅	2
郍	2
郚	2
郝	2
郢	2
郷	2
鄊	2
酖	2
酤	2
酷	2
釋	2
釘	2
釬	2
鈘	2
鈙	2
鈲	2
鉤	2
鉴	2
銛	2
銽	2
錯	2
錿	2
鐵	2
鑒	2
鑾	2
钱	2
閂	2
閕	2
閘	2
閞	2
閲	2
闍	2
闥	2
闾	2
阁	2
队	2
陂	2
陈	2
陌	2
隅	2
隗	2
隠	2
雒	2
霓	2
霛	2
靖	2
靘	2
鞁	2
鞍	2
韓	2
韻	2
順	2
頊	2
頝	2
顡	2
顺	2
预	2
领	2
飄	2
飢	2
馘	2
馭	2
馵	2
駁	2
駕	2
駮	2
駷	2
騎	2
騐	2
驃	2
骂	2
骹	2
體	2
髮	2
鬊	2
鬩	2
魅	2
魋	2
鯀	2
鱉	2
鳧	2
鳩	2
鳬	2
鴫	2
鵢	2
鷄	2
麁	2
麏	2
黈	2
黌	2
黠	2
鼀	2
齕	2
龕	2
龝	2
鿄	2
敖	2
类	2
𠀉	2
𠀌	2
𠀘	2
𠀚	2
𠀤	2
𠂂	2
𠂓	2
𠂞	2
𠃅	2
𠃉	2
𠃤	2
𠃧	2
𠄏	2
𠄘	2
𠅔	2
𠅜	2
𠆥	2
𠆸	2
𠇗	2
𠇤	2
𠇮	2
𠈇	2
𠈉	2
𠈣	2
𠌵	2
𠏉	2
𠒌	2
𠒶	2
𠓝	2
𠔈	2
𠔒	2
𠕅	2
𠕉	2
𠕽	2
𠖲	2
𠗦	2
𠘧	2
𠘭	2
𠙸	2
𠙽	2
𠛜	2
𠣓	2
𠣧	2
𠤑	2
𠥶	2
𠥻	2
𠦬	2
𠧠	2
𠨋	2
𠨽	2
𠪔	2
𠪕	2
𠫭	2
𠬜	2
𠬠	2
𠮓	2
𠮽	2
𠯃	2
𠯚	2
𠯪	2
𠰥	2
𠱯	2
𠵥	2
𠶶	2
𡆴	2
𡇆	2
𡇞	2
𡈀	2
𡉁	2
𡉉	2
𡉸	2
𡊮	2
𡋑	2
𡋰	2
𡍯	2
𡎸	2
𡔷	2
𡕝	2
𡕦	2
𡖂	2
𡖈	2
𡗚	2
𡗩	2
𡗬	2
𡗱	2
𡗶	2
𡘃	2
𡘊	2
𡘚	2
𡘰	2
𡙷	2
𡙸	2
𡚤	2
𡚱	2
𡚴	2
𡚺	2
𡝤	2
𡣍	2
𡥂	2
𡥞	2
𡥨	2
𡧆	2
𡧘	2
𡧟	2
𡧰	2
𡨈	2
𡨋	2
𡨾	2
𡩖	2
𡪺	2
𡫥	2
𡭙	2
𡰮	2
𡱁	2
𡱅	2
𡳿	2
𡴇	2
𡴋	2
𡴤	2
𡵄	2
𡵆	2
𡵉	2
𡵧	2
𡵶	2
𡶀	2
𡶫	2
𡶬	2
𡸱	2
𡺛	2
𢀀	2
𢁺	2
𢃋	2
𢆸	2
𢆻	2
𢇅	2
𢇕	2
𢇻	2
𢈔	2
𢈱	2
𢊬	2
𢊸	2
𢋎	2
𢌜	2
𢌮	2
𢍀	2
𢏏	2
𢏝	2
𢒗	2
𢒫	2
𢓄	2
𢓥	2
𢓭	2
𢔀	2
𢕪	2
𢗭	2
𢗼	2
𢘻	2
𢙅	2
𢚸	2
𢛢	2
𢜈	2
𢜊	2
𢦦	2
𢦷	2
𢨩	2
𢨪	2
𢩠	2
𢪙	2
𢯡	2
𢻻	2
𢼡	2
𢼸	2
𢽳	2
𢿐	2
𢿱	2
𣁽	2
𣂫	2
𣃍	2
𣄃	2
𣅆	2
𣅻	2
𣇄	2
𣇓	2
𣈅	2
𣏉	2
𣏏	2
𣏔	2
𣐺	2
𣐽	2
𣓏	2
𣞤	2
𣢐	2
𣬈	2
𣮿	2
𣯅	2
𣱹	2
𣱼	2
𣲩	2
𣲲	2
𣴍	2
𣵀	2
𣷌	2
𣸁	2
𣹰	2
𣺎	2
𣺦	2
𣻌	2
𤆋	2
𤆎	2
𤆓	2
𤇏	2
𤈫	2
𤈼	2
𤉐	2
𤉢	2
𤉷	2
𤊅	2
𤊱	2
𤋯	2
𤎉	2
𤓳	2
𤓻	2
𤓽	2
𤓿	2
𤔿	2
𤕤	2
𤘆	2
𤘧	2
𤙭	2
𤛉	2
𤡜	2
𤣥	2
𤯔	2
𤰸	2
𤰺	2
𤱊	2
𤱪	2
𤲥	2
𤴭	2
𤵂	2
𤸰	2
𤽖	2
𤽤	2
𤾇	2
𤿺	2
𥁄	2
𥁓	2
𥂀	2
𥃆	2
𥄁	2
𥄕	2
𥅌	2
𥆝	2
𥎨	2
𥎯	2
𥒐	2
𥝅	2
𥝌	2
𥟈	2
𥠁	2
𥠖	2
𥡂	2
𥡝	2
𥤥	2
𥤨	2
𥥐	2
𥥛	2
𥥟	2
𥬑	2
𥬟	2
𥬥	2
𥭗	2
𥮏	2
𥯀	2
𥰬	2
𥱡	2
𥸨	2
𥸪	2
𥸮	2
𥹷	2
𥹺	2
𥼚	2
𥿄	2
𦉷	2
𦊆	2
𦊋	2
𦊷	2
𦋐	2
𦍐	2
𦎍	2
𦏲	2
𦐱	2
𦒿	2
𦓃	2
𦖞	2
𦙌	2
𦙑	2
𦚉	2
𦚋	2
𦚣	2
𦚾	2
𦟀	2
𦣦	2
𦤏	2
𦥙	2
𦥭	2
𦦉	2
𦬗	2
𦬱	2
𦬾	2
𦮎	2
𦮠	2
𦯕	2
𦰧	2
𦱤	2
𦳝	2
𦶎	2
𦼔	2
𧃍	2
𧅚	2
𧆛	2
𧆲	2
𧇃	2
𧇽	2
𧈠	2
𧉘	2
𧍣	2
𧘣	2
𧙃	2
𧙏	2
𧙫	2
𧙯	2
𧛱	2
𧟥	2
𧟨	2
𧠇	2
𧣽	2
𧤅	2
𧥥	2
𧨟	2
𧬉	2
𧯥	2
𧰬	2
𧰷	2
𧴧	2
𧴫	2
𧴮	2
𧴴	2
𧴿	2
𧵆	2
𧵚	2
𧵽	2
𧶐	2
𧷏	2
𧷗	2
𧹳	2
𨂷	2
𨊠	2
𨊥	2
𨑤	2
𨑳	2
𨒣	2
𨔶	2
𨙰	2
𨚌	2
𨛜	2
𨤑	2
𨨖	2
𨲆	2
𨳌	2
𨳐	2
𨴯	2
𨽹	2
𨽾	2
𨾈	2
𨾏	2
𩂊	2
𩂩	2
𩄣	2
𩊐	2
𩐍	2
𩐎	2
𩒛	2
𩒳	2
𩚇	2
𩡐	2
𩫃	2
𩰊	2
𩾪	2
𩾯	2
𪄿	2
𪇼	2
𪉟	2
𪌜	2
𪏽	2
𪔅	2
𪙹	2
𪚾	2
𪛚	2
𪜌	2
𪜱	2
𪜹	2
𪝉	2
𪞏	2
𪠋	2
𪥌	2
𪧐	2
𪧘	2
𪧷	2
𪨊	2
𪪳	2
𪪷	2
𪫕	2
𪯲	2
𪱙	2
𪱿	2
𪲓	2
𪵩	2
𪷂	2
𪺍	2
𪽍	2
𪿒	2
𪿟	2
𫇆	2
𫇏	2
𫈋	2
𫉬	2
𫊺	2
𫎬	2
𫏳	2
𫐣	2
𫐩	2
𫑗	2
𫕄	2
𫝁	2
𫝄	2
𫝣	2
𫞕	2
𫞯	2
𫟎	2
𫠉	2
𫠨	2
𫡅	2
𫡙	2
𫡿	2
𫢀	2
𫢚	2
𫢴	2
𫤪	2
𫤫	2
𫧠	2
𫨀	2
𫨷	2
𫩑	2
𫩧	2
𫮛	2
𫯂	2
𫰑	2
𫵠	2
𫵳	2
𫸧	2
𫹍	2
𫹯	2
𫺁	2
𫻨	2
𫻶	2
𬀴	2
𬁟	2
𬂝	2
𬄀	2
𬅶	2
𬆣	2
𬊇	2
𬌪	2
𬏬	2
𬐃	2
𬐧	2
𬔖	2
𬔭	2
𬔰	2
𬕍	2
𬙜	2
𬙮	2
𬛭	2
𬛳	2
𬜩	2
𬜻	2
𬝉	2
𬝑	2
𬝘	2
𬢝	2
𬥎	2
𬦮	2
𬮦	2
𬺹	2
𬻇	2
𬼶	2
𬽊	2
𬽲	2
𬾐	2
𭀠	2
𭁉	2
𭁭	2
𭁳	2
𭁼	2
𭂬	2
𭃚	2
𭃡	2
𭃤	2
𭄞	2
𭆞	2
𭈹	2
𭍥	2
𭔟	2
𭔫	2
𭕾	2
𭖨	2
𭗾	2
𭘆	2
𭘑	2
𭙡	2
𭙵	2
𭜳	2
𭟯	2
𭟼	2
𭣔	2
𭤔	2
𭥒	2
𭥗	2
𭥨	2
𭥯	2
𭦟	2
𭩮	2
𭪗	2
𭪙	2
𭪿	2
𭭇	2
𭭋	2
𭮪	2
𭮫	2
𭮬	2
𭴁	2
𭴔	2
𭸵	2
𭺳	2
𭿃	2
𮃣	2
𮎙	2
𮏄	2
𮒛	2
𮔉	2
𮕹	2
𮖿	2
𮚏	2
𮝾	2
𮦄	2
𮦉	2
𮧮	2
𮩸	2
𮪉	2
𮫬	2
𠘺	2
免	2
勺	2
匆	2
叟	2
周	2
善	2
成	2
冒	2
次	2
𠔥	2
育	2
䕫	2
蚩	2
𰀦	2
𰁒	2
𰅛	2
𰅭	2
𰅱	2
𰆗	2
𰆰	2
𰇀	2
𰈈	2
𰋟	2
𰋣	2
𰌼	2
𰍨	2
𰍪	2
𰍱	2
𰏴	2
𰏸	2
𰗓	2
𰗧	2
𰘾	2
𰙡	2
𰙤	2
𰙫	2
𰛄	2
𰞲	2
𰞴	2
𰠀	2
𰢵	2
𰥎	2
𰦖	2
𰨛	2
𰩬	2
𰫝	2
𰭢	2
𰮫	2
𰱅	2
𰲛	2
𰷣	2
𱀋	2
𱀵	2
𱄿	2
ℓ	1
㐂	1
㐊	1
㐍	1
㐧	1
㐼	1
㑛	1
㑥	1
㑫	1
㑹	1
㒒	1
㒰	1
㒲	1
㒶	1
㓀	1
㓇	1
㓊	1
㓒	1
㓕	1
㓙	1
㓝	1
㓠	1
㓣	1
㓧	1
㓯	1
㓱	1
㔙	1
㔜	1
㔸	1
㕄	1
㕋	1
㕍	1
㕕	1
㕝	1
㕞	1
㕧	1
㕩	1
㕲	1
㕺	1
㖈	1
㗆	1
㗬	1
㘮	1
㙓	1
㙛	1
㙶	1
㚄	1
㚗	1
㚚	1
㚝	1
㚠	1
㚢	1
㚼	1
㚿	1
㛁	1
㛄	1
㛮	1
㜀	1
㜦	1
㜸	1
㝅	1
㝔	1
㝖	1
㝚	1
㝝	1
㝯	1
㝱	1
㝷	1
㞍	1
㞐	1
㞒	1
㞙	1
㞚	1
㞦	1
㞬	1
㞭	1
㞵	1
㟀	1
㟯	1
㠻	1
㡳	1
㢏	1
㢕	1
㢖	1
㢛	1
㢡	1
㢣	1
㢱	1
㣂	1
㣃	1
㣘	1
㣞	1
㣟	1
㣦	1
㣫	1
㣼	1
㣽	1
㤀	1
㤁	1
㤅	1
㤋	1
㤐	1
㤕	1
㤗	1
㤪	1
㤻	1
㥁	1
㥞	1
㥥	1
㥷	1
㥽	1
㦄	1
㦞	1
㦲	1
㧁	1
㧍	1
㧎	1
㧜	1
㧝	1
㧬	1
㧱	1
㨦	1
㩅	1
㩥	1
㪉	1
㪖	1
㪘	1
㪙	1
㪿	1
㫔	1
㫥	1
㫧	1
㫬	1
㫭	1
㫷	1
㫿	1
㭃	1
㭌	1
㭍	1
㭑	1
㭝	1
㭡	1
㭪	1
㭬	1
㭮	1
㮃	1
㮈	1
㯋	1
㯱	1
㰆	1
㰈	1
㰍	1
㰦	1
㰪	1
㰯	1
㰹	1
㰻	1
㱚	1
㲂	1
㲄	1
㲒	1
㲘	1
㲹	1
㳂	1
㳎	1
㳞	1
㳨	1
㳫	1
㳭	1
㳯	1
㳿	1
㴌	1
㴖	1
㴝	1
㴠	1
㴱	1
㴻	1
㵕	1
㶋	1
㶐	1
㶨	1
㶮	1
㶾	1
㷐	1
㷔	1
㷳	1
㷴	1
㷼	1
㷿	1
㸂	1
㸃	1
㸐	1
㸑	1
㸓	1
㸔	1
㹨	1
㹿	1
㺒	1
㻂	1
㻚	1
㻺	1
㼒	1
㼫	1
㽓	1
㽖	1
㽗	1
㽦	1
㽾	1
㾈	1
㿞	1
㿡	1
㿿	1
䀁	1
䀈	1
䀑	1
䀗	1
䀛	1
䀝	1
䁂	1
䁔	1
䂖	1
䂮	1
䄈	1
䄸	1
䅆	1
䅇	1
䅎	1
䅔	1
䅗	1
䅟	1
䅠	1
䅡	1
䅥	1
䆑	1
䆔	1
䆖	1
䆟	1
䆠	1
䇠	1
䇣	1
䇨	1
䇪	1
䇴	1
䇷	1
䇺	1
䇾	1
䇿	1
䈇	1
䈎	1
䈏	1
䈟	1
䉅	1
䉞	1
䉼	1
䊍	1
䊩	1
䊪	1
䊮	1
䊸	1
䊾	1
䋛	1
䋠	1
䋦	1
䋰	1
䋲	1
䋶	1
䍔	1
䍛	1
䍜	1
䍢	1
䎆	1
䎛	1
䎩	1
䎳	1
䏈	1
䏔	1
䏣	1
䏧	1
䏻	1
䏽	1
䏾	1
䐌	1
䐑	1
䐜	1
䐣	1
䑂	1
䑬	1
䒔	1
䒘	1
䒝	1
䒠	1
䒦	1
䒧	1
䒬	1
䒸	1
䒹	1
䓀	1
䓢	1
䓣	1
䓤	1
䓧	1
䓨	1
䓬	1
䔍	1
䔵	1
䕟	1
䕥	1
䕿	1
䖤	1
䘐	1
䘖	1
䘵	1
䙔	1
䚂	1
䚬	1
䚯	1
䚴	1
䚵	1
䚿	1
䛟	1
䛣	1
䜹	1
䝆	1
䝐	1
䝳	1
䝺	1
䝾	1
䞈	1
䞿	1
䟝	1
䠂	1
䡈	1
䡔	1
䡞	1
䢊	1
䢍	1
䢖	1
䢙	1
䢞	1
䢯	1
䢸	1
䢼	1
䢽	1
䣅	1
䣋	1
䣕	1
䣱	1
䦎	1
䦝	1
䦨	1
䦰	1
䧑	1
䧔	1
䧘	1
䧻	1
䨜	1
䨣	1
䨮	1
䨾	1
䩑	1
䫫	1
䭉	1
䭴	1
䮍	1
䮕	1
䯉	1
䯭	1
䯹	1
䰻	1
䲨	1
䲽	1
䳒	1
䳠	1
䳡	1
䳬	1
䳵	1
䴢	1
䵯	1
䶗	1
䶞	1
䶹	1
丧	1
临	1
乢	1
乣	1
乹	1
乼	1
亣	1
亿	1
仂	1
仏	1
仛	1
仠	1
仡	1
仢	1
仧	1
仨	1
仼	1
仿	1
伋	1
伒	1
优	1
伢	1
伩	1
伪	1
估	1
伱	1
伹	1
伿	1
佋	1
佗	1
佢	1
佦	1
佯	1
佸	1
佻	1
侁	1
侄	1
侒	1
侗	1
侘	1
侙	1
侚	1
侫	1
侰	1
侱	1
侻	1
俄	1
俆	1
俶	1
倀	1
倅	1
倓	1
倛	1
倦	1
倮	1
值	1
做	1
停	1
偪	1
側	1
偵	1
偷	1
偸	1
偹	1
偽	1
傀	1
傌	1
傎	1
储	1
傫	1
傻	1
僄	1
働	1
僜	1
僞	1
僡	1
僧	1
價	1
儀	1
儂	1
儇	1
儋	1
儔	1
儗	1
儨	1
儲	1
儼	1
兕	1
冑	1
冣	1
况	1
冶	1
净	1
凊	1
凍	1
凖	1
凤	1
凩	1
凪	1
凳	1
凼	1
刎	1
刜	1
删	1
刢	1
刦	1
刲	1
刵	1
刾	1
剈	1
剋	1
剑	1
剝	1
剬	1
剭	1
剴	1
剸	1
剿	1
劒	1
劯	1
劲	1
勆	1
勔	1
勖	1
勠	1
勣	1
勫	1
匌	1
匏	1
匜	1
匞	1
匤	1
匶	1
卐	1
卛	1
卹	1
卺	1
厀	1
厅	1
厇	1
厔	1
厞	1
厠	1
厡	1
厪	1
厱	1
厹	1
县	1
叛	1
叴	1
叿	1
吆	1
吭	1
吽	1
呀	1
呋	1
呎	1
呏	1
呚	1
呥	1
呦	1
呱	1
呲	1
咊	1
咖	1
咡	1
咲	1
咿	1
哂	1
哆	1
响	1
哖	1
哠	1
哢	1
哧	1
哴	1
哺	1
哿	1
唆	1
唷	1
唻	1
啉	1
啐	1
啫	1
啴	1
啵	1
喂	1
喃	1
喉	1
喑	1
喟	1
喭	1
営	1
嗃	1
嗟	1
嗢	1
嗻	1
嘆	1
嘏	1
噓	1
噧	1
嚙	1
嚣	1
嚩	1
嚬	1
嚮	1
嚲	1
囉	1
囝	1
図	1
囶	1
圃	1
圄	1
圇	1
圊	1
圌	1
圠	1
圤	1
圧	1
圩	1
圪	1
圫	1
圮	1
圳	1
圻	1
圽	1
坂	1
坑	1
坓	1
块	1
坠	1
坥	1
坧	1
坨	1
坩	1
坪	1
坫	1
坬	1
坮	1
垃	1
型	1
垏	1
垠	1
垥	1
垧	1
垫	1
垷	1
埐	1
堉	1
堊	1
堕	1
堛	1
堤	1
堪	1
堶	1
塘	1
塷	1
塾	1
墉	1
墜	1
墪	1
壞	1
壤	1
壨	1
壷	1
変	1
夓	1
夵	1
奌	1
奜	1
奡	1
奣	1
奨	1
奯	1
妊	1
妋	1
妍	1
妓	1
妔	1
妗	1
妞	1
妢	1
妱	1
妲	1
妸	1
姁	1
姄	1
姈	1
姚	1
姞	1
姧	1
姬	1
姯	1
姳	1
娏	1
娕	1
娚	1
娠	1
娣	1
娧	1
娩	1
娳	1
娶	1
婉	1
婦	1
婺	1
媐	1
媛	1
媞	1
媠	1
媱	1
媷	1
媺	1
媻	1
媽	1
嫂	1
嫆	1
嫖	1
嫚	1
嫰	1
嫴	1
嬐	1
嬖	1
嬭	1
嬾	1
孌	1
孥	1
孪	1
孭	1
孺	1
宊	1
宍	1
実	1
宠	1
宨	1
宭	1
宸	1
宻	1
寑	1
寜	1
寞	1
寠	1
寢	1
导	1
導	1
尛	1
尪	1
屁	1
届	1
屜	1
屣	1
屲	1
屳	1
屴	1
屶	1
岐	1
岕	1
岙	1
岝	1
岢	1
岦	1
岨	1
岪	1
岱	1
岶	1
岽	1
峑	1
峦	1
峭	1
峰	1
峳	1
峷	1
峻	1
崬	1
崯	1
崽	1
嵌	1
嵓	1
嵞	1
嵟	1
嶌	1
嶚	1
嶴	1
嶶	1
嶽	1
巋	1
巒	1
巺	1
帅	1
帆	1
帍	1
帕	1
帘	1
帙	1
帠	1
帬	1
帯	1
帷	1
幐	1
幚	1
幝	1
幡	1
幢	1
庆	1
庈	1
庐	1
庠	1
庯	1
庴	1
廈	1
廊	1
廋	1
廍	1
廔	1
廧	1
廬	1
廳	1
廵	1
廸	1
廹	1
弈	1
弎	1
弚	1
弛	1
弾	1
弿	1
彀	1
彅	1
彜	1
彣	1
彶	1
彺	1
径	1
徏	1
徛	1
徝	1
徤	1
徥	1
徧	1
徨	1
徫	1
徸	1
徼	1
忈	1
忙	1
忛	1
忞	1
忡	1
忢	1
忤	1
忥	1
忮	1
忺	1
怀	1
怐	1
怚	1
怡	1
性	1
恁	1
恃	1
恍	1
恕	1
恝	1
恼	1
悊	1
悍	1
悔	1
悠	1
悦	1
悹	1
悼	1
情	1
惈	1
惜	1
惣	1
惨	1
惷	1
惸	1
愄	1
愍	1
愔	1
愕	1
愧	1
愩	1
愬	1
慁	1
慓	1
慙	1
慟	1
慨	1
慰	1
慱	1
慸	1
憈	1
憎	1
憕	1
憙	1
憶	1
憾	1
懜	1
懵	1
懼	1
戕	1
戡	1
戫	1
戮	1
扄	1
扅	1
扉	1
扏	1
扒	1
払	1
扵	1
批	1
扼	1
扽	1
抂	1
抆	1
抇	1
抌	1
抐	1
抑	1
抓	1
抦	1
抨	1
抯	1
抺	1
押	1
拌	1
拭	1
拱	1
拲	1
拴	1
拶	1
拼	1
挂	1
挃	1
指	1
挕	1
挖	1
挛	1
挹	1
挺	1
挾	1
捃	1
捏	1
捒	1
捔	1
捗	1
捚	1
捧	1
捭	1
捺	1
捻	1
捽	1
掂	1
掃	1
授	1
掎	1
掔	1
掗	1
掘	1
探	1
掩	1
掮	1
掾	1
揂	1
揆	1
揉	1
插	1
揔	1
揘	1
揚	1
揞	1
握	1
援	1
揸	1
搆	1
搉	1
損	1
搏	1
搕	1
搞	1
搸	1
搻	1
摀	1
摇	1
摠	1
摭	1
摳	1
摸	1
摺	1
摽	1
撈	1
撜	1
撞	1
撟	1
撢	1
撥	1
撨	1
撩	1
撫	1
撼	1
擁	1
擊	1
擒	1
擘	1
擠	1
擥	1
擰	1
擸	1
擺	1
擾	1
攞	1
攼	1
敔	1
敘	1
敚	1
敧	1
敳	1
斍	1
斡	1
斮	1
斳	1
旀	1
旄	1
旈	1
旌	1
旍	1
旒	1
旛	1
旟	1
旫	1
旰	1
旹	1
昑	1
昒	1
昘	1
昙	1
映	1
昧	1
昶	1
晌	1
晒	1
晓	1
晘	1
晡	1
晢	1
晦	1
晱	1
晴	1
晸	1
晻	1
暊	1
暌	1
暐	1
暓	1
暢	1
暪	1
暯	1
暱	1
暺	1
曄	1
曉	1
曖	1
曛	1
朅	1
朐	1
朞	1
朢	1
权	1
杄	1
杆	1
杋	1
材	1
杒	1
杓	1
杖	1
杞	1
杣	1
杦	1
杪	1
杵	1
杸	1
枂	1
枈	1
枌	1
枒	1
枢	1
枣	1
枷	1
枸	1
枹	1
柄	1
柖	1
柛	1
柝	1
柤	1
柭	1
柺	1
柽	1
柾	1
栈	1
栕	1
栖	1
栝	1
栢	1
栮	1
栱	1
桃	1
框	1
桍	1
桐	1
桚	1
桧	1
桮	1
桶	1
桹	1
梀	1
梏	1
梓	1
梔	1
梖	1
梗	1
梞	1
梩	1
梫	1
梹	1
棉	1
棓	1
棛	1
棟	1
棤	1
棵	1
棼	1
椅	1
椑	1
椰	1
椹	1
椽	1
椿	1
楆	1
楘	1
楢	1
楤	1
楷	1
楼	1
榆	1
榑	1
榕	1
榛	1
榣	1
榫	1
榼	1
槁	1
槅	1
槐	1
槧	1
槩	1
槭	1
槮	1
槱	1
槳	1
槷	1
槾	1
樁	1
樠	1
橘	1
橙	1
機	1
橦	1
橧	1
橫	1
檂	1
檒	1
檜	1
檻	1
檽	1
櫄	1
櫐	1
櫓	1
櫟	1
櫬	1
欄	1
欎	1
欥	1
欯	1
欱	1
欷	1
欼	1
歀	1
歅	1
歉	1
歊	1
歌	1
歔	1
歜	1
殃	1
殍	1
殞	1
殢	1
殤	1
殾	1
毆	1
毇	1
毣	1
毼	1
氤	1
氿	1
汁	1
汄	1
汆	1
汋	1
汏	1
汐	1
汑	1
汕	1
汛	1
汢	1
汣	1
汧	1
汩	1
汫	1
汭	1
汰	1
汱	1
沄	1
沒	1
沕	1
沖	1
沘	1
沭	1
沲	1
沷	1
沽	1
況	1
泃	1
泄	1
泅	1
泈	1
泌	1
泍	1
泔	1
泮	1
泿	1
洆	1
洌	1
洏	1
洐	1
洳	1
洵	1
洹	1
洿	1
浄	1
浆	1
浊	1
浗	1
浘	1
浛	1
浝	1
浢	1
浧	1
浰	1
浼	1
浿	1
涌	1
涏	1
涕	1
涖	1
涪	1
液	1
涼	1
淄	1
淅	1
淓	1
淖	1
淗	1
淘	1
淜	1
淠	1
淨	1
淩	1
淯	1
淰	1
添	1
淾	1
渂	1
渃	1
渌	1
渒	1
渙	1
渜	1
渝	1
渡	1
渥	1
渦	1
渧	1
渫	1
測	1
渻	1
渾	1
湆	1
湌	1
湏	1
湘	1
湜	1
湟	1
湡	1
湮	1
溂	1
溉	1
溘	1
溤	1
溦	1
溧	1
溯	1
溰	1
溶	1
溾	1
滈	1
滉	1
滋	1
滎	1
滜	1
满	1
滥	1
滬	1
滯	1
滲	1
滾	1
漁	1
漉	1
漌	1
漗	1
漚	1
漠	1
漮	1
漱	1
潓	1
潔	1
潕	1
潗	1
潛	1
潜	1
潟	1
潡	1
潦	1
潪	1
潸	1
澄	1
澋	1
澍	1
澑	1
澷	1
激	1
濈	1
濎	1
濕	1
濤	1
濬	1
濱	1
瀉	1
瀌	1
瀐	1
瀕	1
瀖	1
瀨	1
瀸	1
灃	1
灄	1
灑	1
灥	1
灶	1
炆	1
炇	1
炒	1
炡	1
炢	1
炫	1
炬	1
炯	1
炰	1
炶	1
烊	1
烘	1
烜	1
烟	1
焄	1
焅	1
焇	1
焊	1
焐	1
焛	1
焝	1
焞	1
焯	1
焰	1
焴	1
煉	1
煌	1
煔	1
煖	1
煥	1
煦	1
煨	1
煴	1
熇	1
熈	1
熖	1
熛	1
熾	1
燋	1
燐	1
燔	1
燚	1
燤	1
燥	1
燻	1
爀	1
爊	1
爤	1
爷	1
爸	1
爺	1
爼	1
牄	1
牆	1
牌	1
牑	1
牓	1
牵	1
牷	1
犍	1
犘	1
犳	1
犴	1
犹	1
狃	1
狇	1
狍	1
狛	1
狡	1
狭	1
狶	1
狹	1
猄	1
猉	1
猎	1
猖	1
猚	1
猛	1
猥	1
猭	1
猲	1
獁	1
獅	1
獎	1
獮	1
獴	1
獵	1
獺	1
玈	1
玊	1
玎	1
玒	1
玢	1
玧	1
珆	1
珉	1
珊	1
珞	1
珢	1
珤	1
珦	1
珧	1
琇	1
琍	1
琢	1
琦	1
琪	1
琮	1
琰	1
琳	1
琵	1
琹	1
琼	1
瑜	1
瑤	1
瑰	1
瑴	1
璃	1
璚	1
璧	1
環	1
璹	1
璺	1
瓊	1
瓫	1
瓶	1
甎	1
甐	1
甑	1
甖	1
甛	1
甤	1
甥	1
甩	1
甪	1
甭	1
甴	1
畂	1
畑	1
畔	1
畝	1
畼	1
疂	1
疆	1
疇	1
疕	1
痂	1
痐	1
痔	1
痕	1
痗	1
痣	1
痯	1
痱	1
痲	1
瘚	1
瘣	1
癗	1
癿	1
皖	1
皤	1
皵	1
皺	1
盔	1
盙	1
盠	1
盥	1
盪	1
盺	1
盼	1
眂	1
眊	1
眚	1
眜	1
眣	1
眯	1
眲	1
眽	1
睆	1
睗	1
睛	1
睦	1
睹	1
睽	1
瞍	1
矕	1
矟	1
矾	1
码	1
砏	1
砝	1
砦	1
砧	1
砰	1
硃	1
硏	1
硠	1
硨	1
硯	1
碁	1
碑	1
碖	1
碗	1
碩	1
磈	1
磋	1
磐	1
磟	1
磬	1
磴	1
磻	1
礕	1
礜	1
祅	1
祇	1
祍	1
祐	1
祗	1
祜	1
祢	1
祸	1
祼	1
禋	1
禓	1
禰	1
禴	1
秅	1
秈	1
种	1
秔	1
租	1
秤	1
秥	1
秧	1
秫	1
秮	1
积	1
稂	1
稅	1
稊	1
稌	1
税	1
稑	1
稕	1
稞	1
稤	1
稨	1
稭	1
稸	1
稺	1
穇	1
穐	1
穒	1
穗	1
穙	1
穛	1
穩	1
穫	1
穰	1
穼	1
窂	1
窆	1
窇	1
窐	1
窔	1
窙	1
窝	1
窠	1
窨	1
窬	1
窳	1
窶	1
窻	1
竅	1
竆	1
竈	1
竉	1
竮	1
競	1
竼	1
笁	1
笈	1
笏	1
笒	1
笓	1
笘	1
笚	1
笡	1
笢	1
笤	1
笥	1
笮	1
笯	1
笱	1
笴	1
笹	1
笿	1
筄	1
筈	1
筋	1
筌	1
筞	1
筨	1
筳	1
筷	1
箅	1
箆	1
箇	1
箎	1
箏	1
箒	1
箩	1
箫	1
篦	1
篩	1
篱	1
篲	1
篷	1
篹	1
篻	1
篿	1
簒	1
簛	1
簞	1
簟	1
簳	1
簷	1
籄	1
籊	1
籋	1
籐	1
籖	1
籣	1
籤	1
籮	1
粀	1
粆	1
粍	1
粮	1
糊	1
糓	1
糝	1
糪	1
糴	1
糵	1
糼	1
糾	1
糿	1
紀	1
紆	1
紇	1
紏	1
紐	1
紗	1
紝	1
紦	1
紨	1
紬	1
紵	1
紹	1
絁	1
絅	1
絙	1
絢	1
綂	1
綈	1
綑	1
經	1
綜	1
綝	1
綢	1
綮	1
綰	1
綱	1
網	1
綵	1
綾	1
緇	1
緌	1
緒	1
緖	1
緙	1
線	1
緜	1
緹	1
緼	1
緾	1
縕	1
縜	1
縝	1
縫	1
縵	1
縶	1
縹	1
縿	1
繄	1
織	1
繘	1
繙	1
繠	1
繢	1
繩	1
繫	1
繰	1
繴	1
纈	1
纜	1
纥	1
级	1
纷	1
纺	1
纽	1
终	1
结	1
绚	1
络	1
绢	1
缂	1
缊	1
缚	1
缳	1
缷	1
缸	1
缼	1
缽	1
罅	1
罈	1
罝	1
罬	1
罰	1
罸	1
罹	1
羈	1
羯	1
羶	1
羺	1
翅	1
翫	1
翯	1
翹	1
翻	1
耀	1
耉	1
耊	1
耘	1
耸	1
耼	1
聁	1
职	1
聰	1
聳	1
聴	1
聾	1
肁	1
肊	1
肍	1
肑	1
肝	1
肟	1
肠	1
肪	1
肵	1
肶	1
肺	1
胊	1
胋	1
胐	1
胖	1
胜	1
胳	1
胶	1
胸	1
脆	1
脋	1
脖	1
脘	1
脬	1
脺	1
脽	1
腂	1
腩	1
腷	1
腾	1
膄	1
膋	1
膔	1
膩	1
膳	1
膸	1
膺	1
臀	1
臆	1
臈	1
臋	1
臍	1
臷	1
舆	1
舝	1
舠	1
舮	1
艂	1
艐	1
艳	1
艻	1
艼	1
艽	1
芀	1
芇	1
芈	1
芓	1
芠	1
芦	1
芧	1
芪	1
芰	1
芶	1
苋	1
苎	1
苘	1
苙	1
苚	1
苞	1
苨	1
苬	1
苳	1
苽	1
苿	1
茇	1
茋	1
茐	1
茗	1
茘	1
茙	1
茛	1
茦	1
茧	1
茨	1
茫	1
茺	1
茾	1
荁	1
荆	1
荎	1
荏	1
荗	1
荟	1
荥	1
荽	1
荾	1
荿	1
莒	1
莗	1
莙	1
莝	1
莟	1
莠	1
莢	1
菉	1
菖	1
菡	1
菬	1
菳	1
菶	1
菷	1
菿	1
萆	1
萘	1
萵	1
萷	1
萸	1
萹	1
萼	1
葃	1
葅	1
葑	1
葚	1
葩	1
葳	1
葶	1
葺	1
蒌	1
蒕	1
蒖	1
蒡	1
蒤	1
蒧	1
蒩	1
蒭	1
蒮	1
蒹	1
蓍	1
蓐	1
蓔	1
蓖	1
蓱	1
蓴	1
蓷	1
蓸	1
蓽	1
蓾	1
蔈	1
蔚	1
蔞	1
蔣	1
蔧	1
蕃	1
蕋	1
蕎	1
蕐	1
蕪	1
薉	1
薊	1
薏	1
薪	1
薲	1
薺	1
薻	1
藂	1
藉	1
藚	1
藜	1
藟	1
藪	1
藴	1
藶	1
蘄	1
蘊	1
蘋	1
蘦	1
蘸	1
蘿	1
虣	1
蚔	1
蚞	1
蛓	1
蛔	1
蛝	1
蛤	1
蛩	1
蛰	1
蛾	1
蜂	1
蜆	1
蜇	1
蜑	1
蜓	1
蜚	1
蜝	1
蝅	1
蝥	1
蝦	1
螂	1
螎	1
螫	1
螻	1
螽	1
蟄	1
蟮	1
蟺	1
蠲	1
衂	1
衎	1
衒	1
衔	1
衖	1
街	1
衘	1
衝	1
衟	1
补	1
衫	1
衬	1
衷	1
衿	1
袈	1
袍	1
袪	1
袴	1
裨	1
裳	1
裸	1
裹	1
複	1
褐	1
褔	1
褝	1
褺	1
襟	1
覊	1
覘	1
観	1
覿	1
触	1
訂	1
訖	1
訟	1
訣	1
訬	1
訴	1
訶	1
詋	1
詠	1
詣	1
試	1
話	1
詵	1
誑	1
誓	1
誘	1
誦	1
誨	1
說	1
諂	1
諄	1
談	1
請	1
諍	1
諑	1
諞	1
諧	1
諬	1
諴	1
諹	1
諼	1
謉	1
謗	1
謙	1
講	1
謝	1
謟	1
謢	1
謾	1
識	1
警	1
譬	1
議	1
護	1
譽	1
讃	1
讨	1
训	1
设	1
诣	1
说	1
读	1
谈	1
谻	1
谿	1
豍	1
豔	1
豢	1
豰	1
豺	1
豿	1
貃	1
貎	1
貣	1
貨	1
販	1
貵	1
賎	1
賚	1
賡	1
賦	1
賬	1
賭	1
賮	1
賸	1
購	1
贇	1
贈	1
贋	1
财	1
败	1
贱	1
贷	1
贸	1
赉	1
赏	1
赑	1
赘	1
赢	1
赥	1
赧	1
赴	1
趁	1
趍	1
趟	1
趠	1
趣	1
趨	1
趾	1
跒	1
距	1
跡	1
跣	1
跬	1
踈	1
踏	1
踖	1
踪	1
踰	1
踶	1
踷	1
蹀	1
蹈	1
蹔	1
蹢	1
蹵	1
躄	1
躅	1
躎	1
躑	1
躘	1
躲	1
軀	1
軏	1
軓	1
軝	1
転	1
軨	1
軲	1
軽	1
較	1
輄	1
輅	1
輊	1
輔	1
輚	1
輝	1
輟	1
輲	1
輻	1
輾	1
轄	1
轝	1
轡	1
转	1
轱	1
辂	1
辢	1
辦	1
迊	1
迢	1
迤	1
迱	1
迹	1
迺	1
逅	1
逋	1
逍	1
逑	1
逜	1
逨	1
逩	1
逴	1
逶	1
違	1
遘	1
遜	1
遥	1
遬	1
遭	1
遹	1
邉	1
邏	1
邓	1
邠	1
邢	1
邯	1
邿	1
郊	1
郗	1
郰	1
郵	1
郸	1
鄂	1
鄄	1
鄔	1
鄣	1
鄲	1
酥	1
酫	1
酬	1
酭	1
酳	1
酼	1
醀	1
醁	1
醉	1
醒	1
醖	1
醟	1
醮	1
釀	1
釁	1
釈	1
釐	1
釛	1
釠	1
釡	1
鈁	1
鈔	1
鈚	1
鈩	1
鈹	1
鈺	1
鉄	1
鉅	1
鉉	1
鉏	1
鉐	1
鉨	1
鉬	1
鉺	1
銃	1
銅	1
銑	1
銓	1
銚	1
鋂	1
鋃	1
鋅	1
鋒	1
鋞	1
鋠	1
鋤	1
鋪	1
鋭	1
鋸	1
鋼	1
錄	1
錉	1
錐	1
錚	1
錡	1
錫	1
録	1
鍊	1
鍳	1
鍵	1
鎔	1
鎠	1
鎣	1
鎫	1
鎮	1
鎷	1
鎼	1
鎾	1
鏄	1
鏌	1
鏖	1
鏢	1
鏨	1
鐀	1
鐐	1
鐘	1
鐸	1
鐻	1
鑁	1
鑊	1
鑍	1
钁	1
钟	1
钧	1
铍	1
银	1
镺	1
镾	1
閅	1
閆	1
閇	1
閈	1
閗	1
閚	1
関	1
閤	1
閧	1
閨	1
閩	1
閫	1
閬	1
閰	1
閱	1
閶	1
閹	1
閼	1
闊	1
闋	1
闎	1
闐	1
闓	1
闔	1
闗	1
闢	1
闯	1
闽	1
阉	1
阋	1
阔	1
阖	1
阘	1
阙	1
阚	1
阞	1
阤	1
阥	1
阩	1
阪	1
阼	1
陃	1
陗	1
陛	1
陝	1
陮	1
隈	1
隌	1
階	1
隔	1
際	1
隡	1
雑	1
雕	1
雱	1
雴	1
雺	1
雾	1
霄	1
霈	1
霊	1
霎	1
霏	1
霪	1
霵	1
霽	1
靂	1
靓	1
鞋	1
鞞	1
鞮	1
韌	1
韞	1
韩	1
韮	1
頇	1
頉	1
頍	1
頒	1
頟	1
頰	1
頳	1
頶	1
頷	1
顀	1
顃	1
顏	1
顙	1
顢	1
顰	1
顶	1
顽	1
顿	1
颇	1
颖	1
题	1
颜	1
飌	1
飤	1
飧	1
飪	1
飭	1
飯	1
飱	1
飾	1
餞	1
饁	1
馤	1
馥	1
馨	1
馼	1
駢	1
駬	1
騀	1
騜	1
騾	1
驀	1
驕	1
驛	1
驢	1
骞	1
髓	1
髜	1
髠	1
髪	1
鬘	1
鬧	1
鬭	1
魒	1
鮊	1
鮎	1
鮑	1
鮝	1
鮪	1
鮭	1
鮺	1
鯨	1
鰐	1
鰥	1
鱗	1
鱣	1
鳏	1
鳶	1
鳸	1
鴜	1
鴶	1
鴹	1
鴻	1
鵅	1
鵓	1
鵙	1
鵝	1
鵣	1
鵤	1
鵪	1
鵭	1
鵮	1
鶂	1
鶒	1
鶪	1
鶴	1
鷊	1
鷒	1
鷟	1
鷸	1
鸎	1
鸡	1
鸾	1
鹝	1
麆	1
麌	1
麓	1
麨	1
麮	1
黁	1
黊	1
黔	1
黙	1
黚	1
點	1
黴	1
黵	1
鼄	1
鼈	1
鼒	1
齏	1
齡	1
齪	1
龏	1
龐	1
龥	1
龻	1
女	1
了	1
臨	1
﨎	1
﨤	1
卑	1
敏	1
既	1
𤋮	1
歹	1
犯	1
𛂦	1
𠀂	1
𠀄	1
𠀇	1
𠀋	1
𠀍	1
𠀔	1
𠀜	1
𠀧	1
𠀫	1
𠀭	1
𠁃	1
𠁏	1
𠁡	1
𠁦	1
𠁭	1
𠁳	1
𠂌	1
𠂘	1
𠂟	1
𠂠	1
𠂥	1
𠂨	1
𠂳	1
𠂺	1
𠂽	1
𠃀	1
𠃖	1
𠃚	1
𠃴	1
𠄡	1
𠄣	1
𠄭	1
𠄮	1
𠅀	1
𠅇	1
𠅋	1
𠅓	1
𠅘	1
𠅙	1
𠅝	1
𠅸	1
𠆩	1
𠆫	1
𠇄	1
𠇏	1
𠇔	1
𠇚	1
𠇦	1
𠇭	1
𠇽	1
𠇾	1
𠈃	1
𠈄	1
𠈗	1
𠈪	1
𠈻	1
𠈾	1
𠊅	1
𠊋	1
𠊰	1
𠋛	1
𠋣	1
𠍘	1
𠍾	1
𠎳	1
𠑲	1
𠑷	1
𠑹	1
𠑿	1
𠒁	1
𠒖	1
𠓭	1
𠔄	1
𠔋	1
𠔍	1
𠔟	1
𠕄	1
𠕚	1
𠕠	1
𠕰	1
𠕶	1
𠕸	1
𠕿	1
𠖇	1
𠖏	1
𠖐	1
𠖦	1
𠖼	1
𠗆	1
𠗎	1
𠗏	1
𠗒	1
𠗱	1
𠗲	1
𠘂	1
𠘟	1
𠘯	1
𠘲	1
𠘳	1
𠘺	1
𠘻	1
𠘽	1
𠙇	1
𠙖	1
𠙚	1
𠙳	1
𠙷	1
𠙺	1
𠚁	1
𠚃	1
𠚌	1
𠚑	1
𠚒	1
𠚕	1
𠚛	1
𠚫	1
𠚾	1
𠛄	1
𠛧	1
𠜂	1
𠜒	1
𠜤	1
𠜥	1
𠝣	1
𠝭	1
𠝮	1
𠝻	1
𠞖	1
𠠪	1
𠠲	1
𠡉	1
𠡷	1
𠢧	1
𠣏	1
𠣦	1
𠣯	1
𠣻	1
𠤤	1
𠤦	1
𠤭	1
𠤮	1
𠤱	1
𠥆	1
𠥔	1
𠥽	1
𠦀	1
𠦉	1
𠦒	1
𠦕	1
𠦚	1
𠦶	1
𠧱	1
𠨎	1
𠨐	1
𠨚	1
𠨭	1
𠨺	1
𠩆	1
𠩈	1
𠩉	1
𠩕	1
𠩟	1
𠩲	1
𠪂	1
𠪘	1
𠪾	1
𠫗	1
𠫣	1
𠫥	1
𠫰	1
𠫸	1
𠬁	1
𠬚	1
𠬲	1
𠬳	1
𠭊	1
𠭖	1
𠭙	1
𠭰	1
𠭵	1
𠮎	1
𠮧	1
𠮨	1
𠮮	1
𠮯	1
𠮵	1
𠮺	1
𠯄	1
𠯇	1
𠯊	1
𠯍	1
𠯓	1
𠯖	1
𠯫	1
𠰅	1
𠰕	1
𠰛	1
𠰝	1
𠰣	1
𠱀	1
𠱡	1
𠱭	1
𠱳	1
𠱸	1
𠱼	1
𠲘	1
𠲯	1
𠳄	1
𠳅	1
𠳒	1
𠳯	1
𠳺	1
𠵊	1
𠵨	1
𠶋	1
𠶛	1
𠶬	1
𠸜	1
𠸱	1
𠹜	1
𠹝	1
𠻚	1
𠻝	1
𠻮	1
𠼑	1
𠼗	1
𠽸	1
𠾧	1
𠿊	1
𡂨	1
𡃫	1
𡄉	1
𡆤	1
𡆨	1
𡆬	1
𡆵	1
𡆾	1
𡇈	1
𡇋	1
𡇌	1
𡇟	1
𡇶	1
𡈉	1
𡈏	1
𡈹	1
𡉄	1
𡉐	1
𡉑	1
𡉓	1
𡉖	1
𡉟	1
𡉴	1
𡉺	1
𡉿	1
𡊎	1
𡊙	1
𡊨	1
𡊱	1
𡊵	1
𡋍	1
𡋛	1
𡋡	1
𡋣	1
𡋵	1
𡌓	1
𡌳	1
𡍬	1
𡍸	1
𡐳	1
𡒲	1
𡓪	1
𡔛	1
𡔜	1
𡔞	1
𡔧	1
𡔯	1
𡔽	1
𡕚	1
𡕟	1
𡕫	1
𡕷	1
𡕸	1
𡖉	1
𡗕	1
𡗛	1
𡗝	1
𡗡	1
𡗥	1
𡗫	1
𡘐	1
𡘒	1
𡘜	1
𡘝	1
𡘞	1
𡘷	1
𡘺	1
𡙁	1
𡙂	1
𡙆	1
𡙳	1
𡙹	1
𡚁	1
𡚇	1
𡚊	1
𡚖	1
𡚬	1
𡚯	1
𡛊	1
𡛒	1
𡛩	1
𡛼	1
𡝀	1
𡝌	1
𡝼	1
𡞔	1
𡞕	1
𡞣	1
𡠋	1
𡠓	1
𡠺	1
𡡅	1
𡡉	1
𡡴	1
𡡾	1
𡤼	1
𡤽	1
𡥄	1
𡥵	1
𡥷	1
𡦏	1
𡦡	1
𡦢	1
𡦾	1
𡦿	1
𡧄	1
𡧊	1
𡧐	1
𡧢	1
𡧧	1
𡧩	1
𡧯	1
𡧷	1
𡧾	1
𡨐	1
𡨚	1
𡨞	1
𡨟	1
𡨧	1
𡨰	1
𡩘	1
𡩙	1
𡩠	1
𡩹	1
𡪛	1
𡪷	1
𡫾	1
𡬧	1
𡬫	1
𡬵	1
𡭊	1
𡭔	1
𡭖	1
𡭗	1
𡭝	1
𡭟	1
𡭨	1
𡮁	1
𡮂	1
𡯃	1
𡯆	1
𡯇	1
𡯊	1
𡯛	1
𡰗	1
𡰦	1
𡰫	1
𡰲	1
𡰶	1
𡰻	1
𡱀	1
𡱈	1
𡱜	1
𡱞	1
𡱵	1
𡲤	1
𡲫	1
𡴂	1
𡴅	1
𡴘	1
𡴪	1
𡴲	1
𡴴	1
𡴷	1
𡵩	1
𡵫	1
𡵬	1
𡵯	1
𡵱	1
𡵳	1
𡵵	1
𡶍	1
𡶓	1
𡶔	1
𡶝	1
𡶟	1
𡶣	1
𡶦	1
𡷇	1
𡷝	1
𡷰	1
𡷾	1
𡸄	1
𡹐	1
𡺥	1
𡺰	1
𡺳	1
𡻦	1
𡻷	1
𡼁	1
𡼇	1
𡽫	1
𡽽	1
𡾃	1
𡾷	1
𡿏	1
𡿩	1
𡿭	1
𡿮	1
𡿯	1
𡿲	1
𡿿	1
𢀵	1
𢁆	1
𢁓	1
𢂇	1
𢂋	1
𢄉	1
𢄔	1
𢅛	1
𢆓	1
𢆔	1
𢆙	1
𢆲	1
𢇦	1
𢇳	1
𢇶	1
𢈈	1
𢈊	1
𢈍	1
𢈏	1
𢉅	1
𢉆	1
𢉉	1
𢉲	1
𢉳	1
𢊂	1
𢊃	1
𢊊	1
𢋱	1
𢌯	1
𢌴	1
𢌺	1
𢍂	1
𢍏	1
𢍜	1
𢍢	1
𢍮	1
𢍱	1
𢎀	1
𢎢	1
𢏈	1
𢏔	1
𢐞	1
𢐠	1
𢐨	1
𢐴	1
𢑆	1
𢑐	1
𢒈	1
𢒊	1
𢒩	1
𢓁	1
𢓂	1
𢓆	1
𢓊	1
𢓠	1
𢓫	1
𢓰	1
𢓱	1
𢓲	1
𢓶	1
𢓸	1
𢔃	1
𢔜	1
𢔸	1
𢕑	1
𢕒	1
𢖍	1
𢖏	1
𢖙	1
𢖠	1
𢖫	1
𢖭	1
𢖱	1
𢗑	1
𢗝	1
𢗡	1
𢗦	1
𢗨	1
𢗩	1
𢗱	1
𢘆	1
𢘕	1
𢘤	1
𢘿	1
𢙀	1
𢙇	1
𢙘	1
𢙽	1
𢚘	1
𢚛	1
𢛲	1
𢜏	1
𢜐	1
𢜤	1
𢜧	1
𢝔	1
𢝲	1
𢞍	1
𢞭	1
𢟍	1
𢣭	1
𢤧	1
𢦑	1
𢦟	1
𢧂	1
𢧉	1
𢧐	1
𢨆	1
𢨧	1
𢨿	1
𢪀	1
𢪘	1
𢪫	1
𢪰	1
𢪿	1
𢫕	1
𢫻	1
𢬇	1
𢬈	1
𢬊	1
𢭎	1
𢭳	1
𢰦	1
𢱭	1
𢲛	1
𢳀	1
𢴮	1
𢵄	1
𢵤	1
𢸦	1
𢸧	1
𢺸	1
𢼆	1
𢼜	1
𢼧	1
𢼴	1
𢼾	1
𢽊	1
𢽋	1
𢽐	1
𢽞	1
𢽬	1
𢽵	1
𢽶	1
𢽹	1
𢽿	1
𢾍	1
𢾟	1
𢿙	1
𢿝	1
𣀔	1
𣁬	1
𣂒	1
𣂔	1
𣂚	1
𣂞	1
𣂪	1
𣂺	1
𣃥	1
𣄰	1
𣅄	1
𣅊	1
𣅌	1
𣅍	1
𣅑	1
𣅔	1
𣅗	1
𣅘	1
𣅜	1
𣅟	1
𣅼	1
𣆂	1
𣆆	1
𣆌	1
𣆎	1
𣆑	1
𣆗	1
𣆛	1
𣆟	1
𣇀	1
𣇃	1
𣈆	1
𣉱	1
𣊖	1
𣊡	1
𣋓	1
𣌭	1
𣍓	1
𣍟	1
𣍡	1
𣍮	1
𣎷	1
𣎺	1
𣏀	1
𣏃	1
𣏈	1
𣏌	1
𣏒	1
𣏗	1
𣏠	1
𣏦	1
𣏽	1
𣐂	1
𣐇	1
𣐌	1
𣐓	1
𣐝	1
𣐞	1
𣐬	1
𣐸	1
𣑐	1
𣑠	1
𣑩	1
𣑱	1
𣑽	1
𣒑	1
𣓕	1
𣓪	1
𣔂	1
𣔋	1
𣔵	1
𣔾	1
𣕡	1
𣗪	1
𣗴	1
𣘁	1
𣙺	1
𣚇	1
𣚊	1
𣚯	1
𣝣	1
𣞈	1
𣟒	1
𣠵	1
𣡈	1
𣡍	1
𣡗	1
𣡥	1
𣢊	1
𣣅	1
𣣖	1
𣣴	1
𣣸	1
𣣻	1
𣤓	1
𣥈	1
𣥐	1
𣥤	1
𣥩	1
𣥿	1
𣦒	1
𣦞	1
𣦶	1
𣦹	1
𣦺	1
𣧋	1
𣧌	1
𣧚	1
𣧢	1
𣨑	1
𣨻	1
𣪈	1
𣪌	1
𣪍	1
𣪐	1
𣪓	1
𣪧	1
𣪾	1
𣫆	1
𣫖	1
𣫬	1
𣫭	1
𣬅	1
𣬛	1
𣭁	1
𣱱	1
𣱷	1
𣲂	1
𣲆	1
𣲎	1
𣲑	1
𣲪	1
𣲭	1
𣳧	1
𣳨	1
𣴠	1
𣴻	1
𣵎	1
𣵠	1
𣵡	1
𣵣	1
𣵲	1
𣶙	1
𣶱	1
𣸈	1
𣸸	1
𣸹	1
𣻢	1
𣼓	1
𣽐	1
𣽨	1
𣾎	1
𣿳	1
𣿼	1
𤆆	1
𤆗	1
𤆦	1
𤆯	1
𤇕	1
𤇘	1
𤇯	1
𤇷	1
𤇸	1
𤈕	1
𤈗	1
𤈜	1
𤈿	1
𤉋	1
𤉭	1
𤊸	1
𤋁	1
𤋃	1
𤋎	1
𤋳	1
𤌹	1
𤍳	1
𤎮	1
𤓉	1
𤓾	1
𤔆	1
𤔍	1
𤕭	1
𤕺	1
𤕻	1
𤖏	1
𤗊	1
𤗚	1
𤘔	1
𤘖	1
𤘰	1
𤘴	1
𤚖	1
𤛿	1
𤜝	1
𤜭	1
𤝋	1
𤝗	1
𤝚	1
𤞣	1
𤞻	1
𤟈	1
𤠗	1
𤣂	1
𤣲	1
𤤁	1
𤤅	1
𤤋	1
𤤔	1
𤤤	1
𤤯	1
𤤿	1
𤦲	1
𤨝	1
𤫶	1
𤬌	1
𤬏	1
𤯅	1
𤯌	1
𤯚	1
𤯟	1
𤯦	1
𤯳	1
𤰄	1
𤰖	1
𤰜	1
𤰠	1
𤰩	1
𤰫	1
𤰭	1
𤰱	1
𤱃	1
𤱄	1
𤱵	1
𤱺	1
𤲆	1
𤲊	1
𤲸	1
𤳯	1
𤴁	1
𤴐	1
𤵌	1
𤵜	1
𤵥	1
𤵶	1
𤶺	1
𤷭	1
𤹍	1
𤼦	1
𤼧	1
𤼱	1
𤽇	1
𤽈	1
𤽗	1
𤾁	1
𤾓	1
𤾡	1
𤿌	1
𥁀	1
𥁁	1
𥁃	1
𥁚	1
𥁞	1
𥁠	1
𥁰	1
𥁼	1
𥂈	1
𥂔	1
𥂮	1
𥂰	1
𥃮	1
𥃳	1
𥃷	1
𥄅	1
𥄈	1
𥄊	1
𥄣	1
𥄱	1
𥄷	1
𥅘	1
𥅝	1
𥅥	1
𥆁	1
𥆞	1
𥇇	1
𥇘	1
𥇨	1
𥇴	1
𥈎	1
𥈪	1
𥉁	1
𥉾	1
𥊽	1
𥎵	1
𥎽	1
𥏇	1
𥐘	1
𥐦	1
𥑥	1
𥑭	1
𥑴	1
𥘑	1
𥘪	1
𥙷	1
𥚎	1
𥛓	1
𥜘	1
𥝍	1
𥝐	1
𥝕	1
𥝝	1
𥝞	1
𥝯	1
𥝸	1
𥞓	1
𥞔	1
𥟁	1
𥟦	1
𥠷	1
𥡞	1
𥡵	1
𥢺	1
𥣞	1
𥤤	1
𥤬	1
𥤱	1
𥤹	1
𥥊	1
𥥪	1
𥥭	1
𥥴	1
𥥵	1
𥥽	1
𥦕	1
𥦮	1
𥦴	1
𥧡	1
𥨪	1
𥩘	1
𥩝	1
𥩞	1
𥩥	1
𥩫	1
𥩮	1
𥪝	1
𥪡	1
𥫠	1
𥫦	1
𥫿	1
𥬀	1
𥬄	1
𥬇	1
𥬒	1
𥬝	1
𥬬	1
𥬯	1
𥬵	1
𥭛	1
𥭴	1
𥭷	1
𥭽	1
𥮗	1
𥯄	1
𥯌	1
𥰓	1
𥰔	1
𥰟	1
𥱋	1
𥱤	1
𥱾	1
𥲶	1
𥳛	1
𥴚	1
𥵸	1
𥸦	1
𥸩	1
𥸬	1
𥸲	1
𥸷	1
𥹄	1
𥹙	1
𥹹	1
𥺀	1
𥺘	1
𥺤	1
𥺧	1
𥻊	1
𥻑	1
𥻳	1
𥻿	1
𥽂	1
𥾈	1
𥾊	1
𥾭	1
𥾸	1
𥿻	1
𦀎	1
𦀓	1
𦀺	1
𦁆	1
𦁉	1
𦁎	1
𦁤	1
𦂌	1
𦂕	1
𦂝	1
𦂱	1
𦂳	1
𦂺	1
𦃐	1
𦃙	1
𦄨	1
𦇏	1
𦈯	1
𦉥	1
𦉭	1
𦉱	1
𦉲	1
𦉳	1
𦉾	1
𦊄	1
𦊊	1
𦊎	1
𦊒	1
𦊚	1
𦊜	1
𦊥	1
𦋅	1
𦋹	1
𦋺	1
𦌔	1
𦌞	1
𦏺	1
𦐈	1
𦑕	1
𦒋	1
𦒱	1
𦓆	1
𦓎	1
𦓐	1
𦓨	1
𦔐	1
𦔡	1
𦔶	1
𦕂	1
𦕈	1
𦕒	1
𦕓	1
𦕬	1
𦕾	1
𦖩	1
𦖻	1
𦗕	1
𦘕	1
𦘩	1
𦘪	1
𦘫	1
𦘴	1
𦘶	1
𦙄	1
𦙍	1
𦙲	1
𦚆	1
𦚖	1
𦚟	1
𦚠	1
𦚶	1
𦛛	1
𦛱	1
𦜳	1
𦝃	1
𦝄	1
𦝚	1
𦝲	1
𦞧	1
𦞼	1
𦞽	1
𦟐	1
𦟟	1
𦟠	1
𦠤	1
𦣠	1
𦣣	1
𦣱	1
𦤑	1
𦤔	1
𦤶	1
𦥓	1
𦥘	1
𦥛	1
𦥳	1
𦦀	1
𦦙	1
𦦚	1
𦧔	1
𦧗	1
𦨈	1
𦩎	1
𦪝	1
𦫶	1
𦫷	1
𦫺	1
𦫼	1
𦫿	1
𦬕	1
𦬘	1
𦬜	1
𦬣	1
𦬦	1
𦬩	1
𦬪	1
𦬮	1
𦬺	1
𦭓	1
𦭕	1
𦭜	1
𦭞	1
𦭧	1
𦭶	1
𦭻	1
𦮃	1
𦮋	1
𦮔	1
𦮕	1
𦮘	1
𦮫	1
𦮴	1
𦯆	1
𦰌	1
𦰟	1
𦱀	1
𦱄	1
𦱋	1
𦱓	1
𦱧	1
𦱽	1
𦲆	1
𦲿	1
𦳃	1
𦳊	1
𦳪	1
𦴋	1
𦴹	1
𦴼	1
𦵵	1
𦵺	1
𦷊	1
𦸛	1
𦹆	1
𦹏	1
𦹚	1
𦺈	1
𦺸	1
𦻍	1
𦻱	1
𦻳	1
𦼪	1
𦼫	1
𦽦	1
𦾔	1
𦾴	1
𧀣	1
𧀨	1
𧁙	1
𧃰	1
𧄼	1
𧅌	1
𧆜	1
𧆥	1
𧆧	1
𧆩	1
𧆭	1
𧆾	1
𧇀	1
𧇄	1
𧇊	1
𧇨	1
𧇩	1
𧇭	1
𧈅	1
𧈟	1
𧈪	1
𧉊	1
𧉎	1
𧉏	1
𧉥	1
𧉴	1
𧉾	1
𧊒	1
𧊗	1
𧋯	1
𧎪	1
𧎮	1
𧑿	1
𧕾	1
𧖧	1
𧖪	1
𧗠	1
𧙍	1
𧙑	1
𧙿	1
𧚍	1
𧜣	1
𧜼	1
𧝑	1
𧟛	1
𧟡	1
𧟧	1
𧟪	1
𧟳	1
𧠆	1
𧠪	1
𧡖	1
𧢲	1
𧣾	1
𧥑	1
𧥧	1
𧦈	1
𧦊	1
𧦋	1
𧦗	1
𧦯	1
𧦱	1
𧦴	1
𧧈	1
𧧑	1
𧧬	1
𧪎	1
𧪬	1
𧫏	1
𧫦	1
𧭛	1
𧯜	1
𧯡	1
𧯽	1
𧰧	1
𧰮	1
𧰲	1
𧰼	1
𧱈	1
𧱔	1
𧲏	1
𧲣	1
𧳑	1
𧳮	1
𧳯	1
𧴻	1
𧵍	1
𧶉	1
𧶘	1
𧶻	1
𧷈	1
𧹘	1
𧹞	1
𧺷	1
𧼀	1
𧼂	1
𧼅	1
𧿀	1
𧿣	1
𧿭	1
𨁍	1
𨁡	1
𨂠	1
𨈐	1
𨈑	1
𨈭	1
𨊫	1
𨊰	1
𨊿	1
𨋅	1
𨋬	1
𨋰	1
𨌀	1
𨍩	1
𨍮	1
𨐎	1
𨐏	1
𨐓	1
𨐚	1
𨐼	1
𨑏	1
𨑠	1
𨑢	1
𨑦	1
𨑭	1
𨑮	1
𨒒	1
𨒙	1
𨒨	1
𨒺	1
𨓋	1
𨓜	1
𨓤	1
𨓨	1
𨓿	1
𨔍	1
𨔛	1
𨔾	1
𨕂	1
𨕑	1
𨕞	1
𨕥	1
𨕵	1
𨗉	1
𨘢	1
𨙨	1
𨙵	1
𨙺	1
𨚡	1
𨚪	1
𨛡	1
𨛼	1
𨟍	1
𨟽	1
𨠠	1
𨠭	1
𨤐	1
𨤝	1
𨤰	1
𨥌	1
𨥏	1
𨥲	1
𨦗	1
𨦡	1
𨪈	1
𨭀	1
𨱝	1
𨱥	1
𨳇	1
𨳚	1
𨳞	1
𨳺	1
𨴠	1
𨵩	1
𨶪	1
𨶲	1
𨷈	1
𨷖	1
𨸀	1
𨸢	1
𨸲	1
𨹅	1
𨹧	1
𨺵	1
𨻶	1
𨽡	1
𨽶	1
𨾎	1
𨾗	1
𨾱	1
𨿣	1
𩀤	1
𩁘	1
𩁿	1
𩂀	1
𩂍	1
𩂕	1
𩂜	1
𩂫	1
𩂼	1
𩃏	1
𩃮	1
𩄎	1
𩄲	1
𩅜	1
𩅸	1
𩆖	1
𩆞	1
𩇫	1
𩇭	1
𩈳	1
𩉨	1
𩉩	1
𩌌	1
𩐁	1
𩐋	1
𩐐	1
𩐒	1
𩑤	1
𩒨	1
𩔪	1
𩕆	1
𩕍	1
𩕘	1
𩕺	1
𩚴	1
𩛉	1
𩛬	1
𩠬	1
𩣷	1
𩦛	1
𩪏	1
𩫗	1
𩫺	1
𩮴	1
𩰋	1
𩰵	1
𩰿	1
𩴶	1
𩵎	1
𩵑	1
𩵢	1
𩶓	1
𩸥	1
𩸮	1
𩹌	1
𩺃	1
𩺯	1
𩼃	1
𩾏	1
𩾕	1
𩾦	1
𩾵	1
𩾷	1
𩾹	1
𩿊	1
𩿳	1
𪀲	1
𪂣	1
𪃍	1
𪅀	1
𪅆	1
𪅎	1
𪇠	1
𪊕	1
𪊘	1
𪊿	1
𪋁	1
𪎊	1
𪎦	1
𪎷	1
𪏭	1
𪏰	1
𪏵	1
𪐡	1
𪑛	1
𪓑	1
𪗅	1
𪘂	1
𪚒	1
𪚴	1
𪛈	1
𪜁	1
𪜠	1
𪜢	1
𪜬	1
𪜭	1
𪜮	1
𪝣	1
𪞁	1
𪞎	1
𪞐	1
𪞖	1
𪞘	1
𪞜	1
𪟊	1
𪟙	1
𪟺	1
𪠁	1
𪠄	1
𪠆	1
𪠇	1
𪠈	1
𪠛	1
𪠮	1
𪠹	1
𪡅	1
𪡒	1
𪡩	1
𪢱	1
𪢽	1
𪢿	1
𪣌	1
𪣣	1
𪤯	1
𪥍	1
𪥎	1
𪥤	1
𪦨	1
𪦾	1
𪧆	1
𪧈	1
𪧟	1
𪧨	1
𪧺	1
𪨤	1
𪩃	1
𪩣	1
𪪎	1
𪪧	1
𪪻	1
𪫆	1
𪫔	1
𪫙	1
𪭌	1
𪯌	1
𪰆	1
𪰋	1
𪰎	1
𪰑	1
𪱳	1
𪱵	1
𪱹	1
𪲖	1
𪳄	1
𪵨	1
𪵪	1
𪵻	1
𪶀	1
𪷁	1
𪸓	1
𪸥	1
𪸿	1
𪺞	1
𪺮	1
𪻓	1
𪽼	1
𪿈	1
𫀩	1
𫀽	1
𫁹	1
𫁾	1
𫂐	1
𫂵	1
𫂹	1
𫃅	1
𫃚	1
𫃟	1
𫄻	1
𫄾	1
𫆁	1
𫇩	1
𫇭	1
𫇮	1
𫇿	1
𫈁	1
𫈅	1
𫈏	1
𫈧	1
𫈼	1
𫉍	1
𫉐	1
𫊥	1
𫊫	1
𫋲	1
𫋴	1
𫌼	1
𫎴	1
𫏛	1
𫏬	1
𫏵	1
𫏼	1
𫑨	1
𫒘	1
𫔡	1
𫔴	1
𫕙	1
𫖻	1
𫗏	1
𫛶	1
𫜩	1
𫝎	1
𫝔	1
𫝗	1
𫝢	1
𫝤	1
𫝹	1
𫞫	1
𫞰	1
𫟈	1
𫟐	1
𫟚	1
𫟪	1
𫠭	1
𫡆	1
𫡓	1
𫢁	1
𫢑	1
𫢩	1
𫣅	1
𫤝	1
𫤰	1
𫤱	1
𫤻	1
𫤼	1
𫥁	1
𫥡	1
𫦂	1
𫦪	1
𫧀	1
𫧉	1
𫧏	1
𫨈	1
𫨶	1
𫩀	1
𫩁	1
𫩕	1
𫩙	1
𫩜	1
𫩣	1
𫩹	1
𫪇	1
𫪉	1
𫪮	1
𫬲	1
𫭋	1
𫭙	1
𫯃	1
𫯍	1
𫯎	1
𫯞	1
𫯢	1
𫯺	1
𫰉	1
𫰭	1
𫱀	1
𫲡	1
𫲪	1
𫲷	1
𫲹	1
𫲺	1
𫲿	1
𫳇	1
𫳐	1
𫳤	1
𫴗	1
𫵆	1
𫵚	1
𫵱	1
𫵲	1
𫵼	1
𫶝	1
𫷕	1
𫸚	1
𫸳	1
𫹏	1
𫹔	1
𫹭	1
𫺝	1
𫻩	1
𫻬	1
𫻹	1
𫼋	1
𫽚	1
𫾨	1
𫾩	1
𫾬	1
𫾶	1
𫾼	1
𫿞	1
𬀉	1
𬀽	1
𬁅	1
𬁯	1
𬁼	1
𬂉	1
𬂣	1
𬂧	1
𬂴	1
𬂹	1
𬅟	1
𬆪	1
𬆭	1
𬇕	1
𬇗	1
𬇚	1
𬇣	1
𬇥	1
𬈋	1
𬈥	1
𬉶	1
𬉻	1
𬋝	1
𬋩	1
𬋺	1
𬋻	1
𬌡	1
𬌯	1
𬍑	1
𬍞	1
𬍥	1
𬎼	1
𬏚	1
𬑤	1
𬒴	1
𬓥	1
𬓶	1
𬔮	1
𬕒	1
𬕟	1
𬖄	1
𬖥	1
𬗃	1
𬙘	1
𬙩	1
𬙬	1
𬚓	1
𬚢	1
𬚰	1
𬚳	1
𬛥	1
𬜪	1
𬜲	1
𬜶	1
𬜷	1
𬞼	1
𬟩	1
𬟺	1
𬡄	1
𬡗	1
𬡤	1
𬢱	1
𬥈	1
𬥉	1
𬥙	1
𬦈	1
𬨘	1
𬩺	1
𬪰	1
𬬺	1
𬮈	1
𬮔	1
𬮠	1
𬮴	1
𬯆	1
𬯎	1
𬯻	1
𬱞	1
𬴳	1
𬶀	1
𬷽	1
𬹥	1
𬺳	1
𬺵	1
𬺸	1
𬻀	1
𬻄	1
𬻏	1
𬻞	1
𬻠	1
𬻨	1
𬻻	1
𬼆	1
𬼊	1
𬼌	1
𬼚	1
𬽄	1
𬽇	1
𬽒	1
𬽢	1
𬽵	1
𬾨	1
𬿫	1
𬿲	1
𬿵	1
𭀖	1
𭀗	1
𭀚	1
𭀡	1
𭁆	1
𭁣	1
𭁵	1
𭁾	1
𭂀	1
𭂌	1
𭂩	1
𭂯	1
𭂺	1
𭃄	1
𭃌	1
𭃳	1
𭄁	1
𭄩	1
𭅉	1
𭅋	1
𭅑	1
𭅞	1
𭅠	1
𭅶	1
𭆃	1
𭆏	1
𭆐	1
𭆨	1
𭆸	1
𭆹	1
𭇂	1
𭇎	1
𭇢	1
𭈆	1
𭋷	1
𭍽	1
𭎃	1
𭎌	1
𭎘	1
𭎙	1
𭐖	1
𭐘	1
𭐡	1
𭐫	1
𭑆	1
𭑧	1
𭒽	1
𭓟	1
𭓦	1
𭓯	1
𭓶	1
𭔥	1
𭔽	1
𭕖	1
𭕛	1
𭕞	1
𭖚	1
𭖦	1
𭗐	1
𭘒	1
𭘸	1
𭙌	1
𭙏	1
𭙕	1
𭙜	1
𭙿	1
𭚖	1
𭚥	1
𭚧	1
𭚫	1
𭚬	1
𭚽	1
𭛂	1
𭛈	1
𭛜	1
𭛞	1
𭛟	1
𭛨	1
𭛭	1
𭛼	1
𭜪	1
𭜫	1
𭜮	1
𭜵	1
𭝤	1
𭟮	1
𭟰	1
𭠂	1
𭠃	1
𭠓	1
𭠟	1
𭡥	1
𭣡	1
𭣣	1
𭣩	1
𭣯	1
𭣱	1
𭣴	1
𭣺	1
𭤁	1
𭤊	1
𭤯	1
𭤶	1
𭥌	1
𭥎	1
𭥖	1
𭦃	1
𭦙	1
𭧘	1
𭨒	1
𭨘	1
𭨧	1
𭩽	1
𭪂	1
𭪑	1
𭪴	1
𭫄	1
𭫈	1
𭫪	1
𭭎	1
𭭔	1
𭭙	1
𭭟	1
𭭧	1
𭮁	1
𭮃	1
𭮇	1
𭮧	1
𭮩	1
𭮰	1
𭮶	1
𭮼	1
𭯺	1
𭰘	1
𭱁	1
𭴋	1
𭴎	1
𭴢	1
𭴷	1
𭴺	1
𭵜	1
𭵠	1
𭵼	1
𭶪	1
𭶻	1
𭷆	1
𭷔	1
𭸋	1
𭸢	1
𭸾	1
𭹤	1
𭺛	1
𭺜	1
𭺪	1
𭺱	1
𭺲	1
𭺽	1
𭺿	1
𭻉	1
𭻍	1
𭻨	1
𭼿	1
𭽈	1
𭽎	1
𭽪	1
𭽼	1
𭾁	1
𭾛	1
𭾡	1
𭿷	1
𮃔	1
𮃹	1
𮃼	1
𮄁	1
𮄉	1
𮅊	1
𮅙	1
𮆘	1
𮇷	1
𮈄	1
𮈍	1
𮉐	1
𮉰	1
𮊀	1
𮊵	1
𮋖	1
𮌋	1
𮌔	1
𮍖	1
𮍛	1
𮍦	1
𮎁	1
𮎜	1
𮎟	1
𮏊	1
𮏒	1
𮏚	1
𮏝	1
𮐯	1
𮐹	1
𮒣	1
𮓙	1
𮓛	1
𮓡	1
𮓱	1
𮓴	1
𮓷	1
𮓸	1
𮕤	1
𮕱	1
𮖄	1
𮖚	1
𮖠	1
𮗁	1
𮗟	1
𮗼	1
𮘌	1
𮙟	1
𮙲	1
𮜿	1
𮞅	1
𮞨	1
𮞬	1
𮠕	1
𮠚	1
𮠾	1
𮢶	1
𮤻	1
𮥆	1
𮥟	1
𮥹	1
𮧇	1
𮧡	1
𮧻	1
𮨶	1
𮪍	1
𮫢	1
𮫴	1
𮫸	1
𮭘	1
𮭫	1
𮮑	1
𮮰	1
𮮱	1
𮮴	1
𮯙	1
具	1
冤	1
勇	1
勉	1
勤	1
卉	1
即	1
卽	1
灰	1
唐	1
売	1
奢	1
𡛪	1
寳	1
㣇	1
戛	1
摷	1
旣	1
最	1
桒	1
歲	1
𣪍	1
浩	1
洴	1
𥃳	1
穀	1
舁	1
芋	1
芝	1
若	1
菜	1
蕤	1
貫	1
開	1
嶲	1
黾	1
𰀊	1
𰀎	1
𰀒	1
𰀫	1
𰀰	1
𰀾	1
𰁞	1
𰁽	1
𰂊	1
𰃝	1
𰃰	1
𰃸	1
𰄯	1
𰅲	1
𰅳	1
𰆄	1
𰆘	1
𰆬	1
𰆺	1
𰇑	1
𰇩	1
𰇶	1
𰉒	1
𰉯	1
𰋵	1
𰋿	1
𰌞	1
𰌱	1
𰌵	1
𰌸	1
𰍙	1
𰍩	1
𰎋	1
𰐥	1
𰐼	1
𰑓	1
𰒲	1
𰓶	1
𰗐	1
𰗕	1
𰗷	1
𰘭	1
𰙉	1
𰙔	1
𰙜	1
𰙠	1
𰚀	1
𰚃	1
𰚋	1
𰚢	1
𰚫	1
𰛐	1
𰛖	1
𰛷	1
𰜽	1
𰝂	1
𰞅	1
𰞚	1
𰠛	1
𰠧	1
𰠭	1
𰠿	1
𰢅	1
𰤳	1
𰥇	1
𰥉	1
𰥏	1
𰥐	1
𰥓	1
𰥞	1
𰥡	1
𰨚	1
𰨤	1
𰨥	1
𰩶	1
𰪠	1
𰪦	1
𰪩	1
𰫘	1
𰭌	1
𰭍	1
𰭎	1
𰮃	1
𰮋	1
𰮒	1
𰮕	1
𰰎	1
𰰝	1
𰰞	1
𰰡	1
𰰤	1
𰰪	1
𰰬	1
𰱃	1
𰲡	1
𰴣	1
𰴨	1
𰴩	1
𰶖	1
𰶳	1
𰶷	1
𰷀	1
𰸙	1
𰸬	1
𰹈	1
𰹲	1
𰺅	1
𰺵	1
𰺿	1
𰻢	1
𰼝	1
𰿘	1
𰿚	1
𰿩	1
𱀚	1
𱀝	1
𱁅	1
𱂥	1
𱅔	1
𱅼	1
𱆣	1
𱉥	1
𱋋	1
𱋾	1
𱌛	1
𱌦	1
