⿰	63122
⿱	26141
⿸	3910
⿺	3661
口	3475
艹	3452
木	3129
氵	3096
⿳	2751
扌	2342
土	2048
亻	1815
女	1763
火	1727
山	1700
虫	1698
日	1581
阝	1480
忄	1428
鳥	1353
⿻	1322
目	1318
石	1264
⿵	1229
月	1214
魚	1200
金	1195
一	1116
𧾷	1116
辶	1030
禾	1016
疒	977
心	954
米	899
𥫗	894
糸	893
言	880
馬	841
⿹	839
犭	832
王	814
釒	809
衤	800
竹	799
車	747
⿲	730
⿴	716
刂	716
貝	706
頁	700
宀	688
广	682
巾	647
又	644
雨	644
糹	633
酉	622
大	619
冖	616
攵	607
田	603
穴	595
彳	588
門	576
革	572
毛	569
钅	566
訁	554
丿	527
飠	526
走	514
耳	513
𤣩	502
厂	492
隹	489
亠	483
欠	476
力	474
罒	474
示	460
舟	447
髟	447
弓	446
羽	442
八	439
⺼	437
皿	433
人	429
灬	425
白	413
囗	402
尸	398
丨	393
十	392
見	392
鬼	388
止	385
丶	382
立	378
歹	377
纟	374
冫	373
牛	369
讠	366
攴	363
風	362
戈	355
鸟	351
骨	345
鱼	336
瓦	331
子	328
羊	324
皮	317
齒	317
角	315
几	309
黑	307
殳	302
手	299
刀	287
水	284
礻	283
身	283
方	275
⿷	273
爫	272
豕	268
工	266
廾	261
鹿	258
厶	249
小	245
马	243
衣	242
二	241
斤	241
彡	235
勹	232
夂	232
寸	232
⿶	231
冂	229
匚	229
𠂉	229
文	228
矢	228
豸	228
韋	225
吅	222
丷	215
林	213
麥	212
夕	210
古	209
多	208
缶	206
合	205
乚	204
音	197
耒	196
⺊	194
牜	194
支	193
犬	192
面	192
𧘇	192
舌	191
分	189
车	186
豆	185
虎	183
凵	182
出	180
片	180
士	179
辛	179
足	176
𦥑	176
生	174
肉	172
非	172
饣	172
匕	171
令	170
干	169
门	169
乙	168
比	167
丁	166
谷	165
共	164
瓜	164
光	162
从	161
䖵	160
儿	160
幺	160
镸	159
少	158
高	158
巴	157
斗	157
束	156
贝	156
正	155
且	154
矛	154
臼	154
虍	154
巳	151
臣	151
九	149
勿	149
炎	149
吉	147
不	146
巛	146
爿	145
鼠	145
由	143
自	143
页	142
丰	141
去	141
句	141
元	140
夫	139
邑	137
香	137
占	135
至	135
里	135
鬲	135
包	134
丑	133
亡	133
同	133
玉	132
麻	132
者	131
𠃊	131
䒑	130
中	130
其	128
亍	127
來	127
可	127
各	127
气	127
甫	127
卑	125
旦	125
甲	125
血	125
未	122
上	121
今	121
食	121
尾	120
甘	120
赤	120
龍	120
圭	119
必	117
龷	117
果	116
召	115
牙	115
良	115
犮	114
艮	114
鼻	114
⺈	113
覀	113
天	112
云	111
此	111
入	110
户	110
是	110
台	109
爪	109
重	109
老	108
𭤨	108
奇	107
也	106
夊	106
吕	105
或	105
鹵	105
黽	105
コ	104
乃	104
𠆢	104
〢	103
回	103
尢	103
并	103
兀	102
卒	102
取	102
弋	102
弗	102
聿	102
兆	101
氏	101
余	100
千	100
卜	100
及	100
色	100
青	100
加	99
尤	99
屮	98
曷	98
有	98
麦	98
主	97
刃	97
开	97
交	96
夋	96
央	96
巨	96
莫	96
辰	96
𠔿	96
堯	95
彐	95
肖	95
⺀	94
丂	94
下	94
黄	94
井	93
兼	93
番	93
而	93
风	93
𠂊	93
己	92
易	92
求	92
用	92
申	92
票	92
⺝	91
冘	91
夾	91
奄	91
介	90
北	90
敖	90
曾	90
丸	89
免	89
告	89
周	89
單	89
婁	89
昔	89
乞	88
先	88
凡	88
咅	88
失	88
平	88
粦	88
辟	88
于	87
侖	87
列	87
員	87
夬	87
屯	87
左	87
廿	87
戊	87
枼	87
真	87
亼	86
叕	86
每	86
首	86
乂	85
卓	85
卩	85
畐	85
内	84
安	84
爾	84
登	84
軍	84
乍	83
俞	83
冉	83
孚	83
鼓	83
亥	82
六	82
咸	82
夭	82
尞	82
昜	82
丙	81
了	81
公	81
勺	81
半	81
幸	81
朱	81
氺	81
𠮛	81
危	80
它	80
百	80
童	80
翏	80
𰀁	80
享	79
僉	79
兒	79
吾	79
玄	79
禺	79
章	79
齿	79
亏	78
亢	78
京	78
差	78
東	78
貴	78
黍	78
𢆶	78
䜌	77
咼	77
夌	77
我	77
扁	77
昆	77
曲	77
朋	77
甚	77
七	76
利	76
反	76
君	76
坐	76
弟	76
母	76
氐	76
皇	76
雚	76
𠂤	76
亇	75
冋	75
彖	75
父	75
區	74
尼	74
民	74
䀠	73
丅	73
乇	73
亶	73
旬	73
耑	73
见	73
長	73
𠃌	73
⺕	72
全	72
午	72
喬	72
娄	72
成	72
旁	72
爻	72
留	72
亞	71
帀	71
弄	71
末	71
癶	71
空	71
龹	71
㐱	70
卯	70
含	70
秋	70
韭	70
冬	69
宛	69
會	69
本	69
次	69
殸	69
网	69
兄	68
垂	68
宗	68
益	68
豈	68
酋	68
𠂆	68
⺄	67
业	67
敝	67
肙	67
舀	67
西	67
𠈌	67
䍃	66
予	66
南	66
司	66
委	66
尚	66
思	66
折	66
星	66
曼	66
永	66
畾	66
臾	66
釆	66
需	66
齊	66
三	65
參	65
只	65
壬	65
帝	65
廴	65
昷	65
韦	65
𢦏	65
久	64
尃	64
巠	64
念	64
直	64
㠯	63
亘	63
喜	63
戔	63
歷	63
甬	63
眉	63
美	63
賓	63
雷	63
丘	62
乀	62
付	62
品	62
善	62
堇	62
巢	62
巿	62
幼	62
昌	62
泉	62
焦	62
臽	62
覃	62
𦭝	62
丩	61
亭	61
壽	61
尺	61
男	61
盧	61
睘	61
翟	61
與	61
𦍌	61
㓁	60
世	60
丹	60
克	60
奚	60
宁	60
尔	60
春	60
甾	60
蒙	60
責	60
倉	59
卷	59
叚	59
因	59
完	59
川	59
旡	59
朿	59
疋	59
盍	59
監	59
蜀	59
雲	59
霝	59
龙	59
龠	59
𠃍	59
㐬	58
啇	58
喿	58
壴	58
孛	58
宜	58
希	58
廣	58
早	58
旱	58
睪	58
英	58
要	58
𤇾	58
𩙿	58
兑	57
兔	57
厷	57
垔	57
更	57
疌	57
習	57
詹	57
丕	56
凶	56
升	56
双	56
右	56
后	56
害	56
帚	56
沙	56
𡿨	56
㐌	55
代	55
呈	55
奴	55
從	55
电	55
离	55
舛	55
芻	55
菐	55
襄	55
貢	55
仌	54
允	54
冓	54
夅	54
專	54
录	54
戶	54
敢	54
爰	54
爲	54
矞	54
臿	54
艸	54
龰	54
𣪊	54
㔾	53
亦	53
任	53
侯	53
叟	53
唐	53
壹	53
旨	53
曳	53
朩	53
柔	53
隶	53
龶	53
ヨ	52
㚇	52
冄	52
冗	52
容	52
昏	52
杀	52
来	52
異	52
若	52
隻	52
𠂇	52
㇉	51
个	51
匊	51
囟	51
執	51
夸	51
官	51
巤	51
畏	51
畢	51
累	51
華	51
賁	51
𠕁	51
万	50
丮	50
冈	50
卂	50
叜	50
夆	50
定	50
居	50
庸	50
明	50
曹	50
桑	50
業	50
沓	50
皆	50
豊	50
貞	50
麗	50
𡗜	50
𢆰	50
典	49
勾	49
叔	49
名	49
夷	49
建	49
敦	49
柬	49
系	49
臭	49
萬	49
農	49
黃	49
与	48
乏	48
厥	48
号	48
复	48
孝	48
尒	48
尹	48
崔	48
幵	48
斬	48
烏	48
翁	48
舍	48
蒦	48
賣	48
龴	48
𠫓	48
𰀪	48
化	47
原	47
友	47
向	47
呆	47
夗	47
太	47
如	47
宣	47
屈	47
布	47
年	47
廷	47
灰	47
疑	47
瞿	47
羅	47
耎	47
辱	47
𠬶	47
𦓔	47
㒸	46
乛	46
参	46
夹	46
寺	46
尊	46
廉	46
延	46
攸	46
敫	46
某	46
死	46
毚	46
牟	46
知	46
胡	46
連	46
丆	45
串	45
争	45
亐	45
互	45
冥	45
单	45
史	45
否	45
寽	45
將	45
市	45
敄	45
禹	45
聶	45
般	45
草	45
贊	45
鼎	45
𠂢	45
𦐇	45
冏	44
咢	44
坴	44
奉	44
妥	44
屋	44
帶	44
才	44
朁	44
氣	44
無	44
玨	44
當	44
素	44
育	44
逢	44
会	43
則	43
外	43
景	43
荅	43
虒	43
買	43
采	43
阜	43
龜	43
𦥯	43
並	42
乎	42
兮	42
客	42
寧	42
幷	42
幾	42
庚	42
意	42
斯	42
樂	42
癸	42
矣	42
秀	42
能	42
行	42
象	42
𫇦	42
亅	41
具	41
册	41
刍	41
夜	41
契	41
弁	41
志	41
戎	41
炏	41
肅	41
胃	41
賴	41
遂	41
間	41
魯	41
𡗗	41
五	40
匋	40
卝	40
國	40
帛	40
旧	40
昍	40
武	40
盾	40
竜	40
義	40
解	40
雍	40
靈	40
𢑑	40
𫜸	40
⺌	39
丄	39
前	39
勞	39
区	39
即	39
厸	39
寿	39
巽	39
度	39
彦	39
戚	39
步	39
歺	39
磊	39
礼	39
禁	39
索	39
翕	39
臤	39
苗	39
虘	39
追	39
那	39
𣬉	39
㒼	38
㝵	38
䖝	38
受	38
吝	38
夏	38
庶	38
引	38
戉	38
暴	38
皀	38
羔	38
豦	38
霍	38
韱	38
飛	38
𠀎	38
𠃓	38
𠬞	38
𢆉	38
𥝢	38
𰀉	38
㐅	37
充	37
制	37
剌	37
厄	37
厘	37
咠	37
固	37
堂	37
康	37
彔	37
忍	37
怱	37
悤	37
斥	37
既	37
最	37
栗	37
段	37
祭	37
豖	37
賛	37
郎	37
𦣻	37
𩰲	37
㓞	36
乔	36
亚	36
匡	36
厤	36
叉	36
囚	36
困	36
圣	36
圼	36
妾	36
嬰	36
寅	36
尋	36
尨	36
式	36
朵	36
燕	36
羌	36
蔑	36
表	36
集	36
鬥	36
𠄌	36
𠤎	36
𠦝	36
𦣞	36
𦰩	36
休	35
军	35
匸	35
吏	35
吞	35
埶	35
夢	35
巂	35
忽	35
矍	35
秦	35
耂	35
興	35
葛	35
黾	35
𪠲	35
廾	35
⑥	34
兹	34
匽	34
厲	34
呂	34
奔	34
宅	34
尧	34
屏	34
感	34
放	34
於	34
葉	34
蓋	34
達	34
零	34
𡨄	34
𣏋	34
㐄	33
㡀	33
䏍	33
佥	33
商	33
嗇	33
四	33
圥	33
展	33
巫	33
微	33
惠	33
戠	33
替	33
术	33
朶	33
率	33
發	33
省	33
突	33
賏	33
贵	33
過	33
㐫	32
伐	32
助	32
卢	32
哥	32
尗	32
弱	32
忩	32
憂	32
敕	32
灭	32
爽	32
皃	32
盖	32
閒	32
闌	32
隋	32
隺	32
麃	32
龸	32
𠇍	32
𠔼	32
𠷎	32
𦥔	32
⑦	31
㬎	31
丞	31
丬	31
之	31
亟	31
兌	31
兩	31
劦	31
匀	31
厭	31
叅	31
嚴	31
孟	31
宿	31
彭	31
熏	31
耆	31
肩	31
胥	31
蚤	31
路	31
𡿺	31
𢀖	31
㐭	30
㫺	30
䶹	30
亾	30
保	30
关	30
兵	30
冒	30
卡	30
厽	30
奈	30
妻	30
存	30
密	30
對	30
局	30
巩	30
息	30
戍	30
扇	30
普	30
棥	30
殹	30
眞	30
臬	30
花	30
虖	30
速	30
隊	30
齐	30
𠂔	30
𠕋	30
𠘨	30
𣎆	30
㝉	29
丫	29
丽	29
乖	29
乳	29
作	29
冐	29
劳	29
吴	29
囷	29
字	29
尉	29
尿	29
岡	29
彑	29
愛	29
戋	29
戌	29
散	29
毒	29
爭	29
竟	29
答	29
芒	29
虚	29
質	29
雋	29
養	29
𠀐	29
𠫔	29
𣄼	29
𦈢	29
㕛	28
么	28
叐	28
吊	28
囧	28
奏	28
宂	28
守	28
宏	28
尣	28
岑	28
强	28
敏	28
旋	28
昬	28
晏	28
桀	28
殺	28
炙	28
甹	28
监	28
相	28
稟	28
絲	28
耶	28
聚	28
肀	28
臱	28
舂	28
褱	28
𠕀	28
𪧇	28
𫩏	28
𫶧	28
㕣	27
㚔	27
亓	27
伏	27
农	27
切	27
别	27
卖	27
屬	27
屰	27
底	27
当	27
慮	27
戾	27
施	27
无	27
松	27
查	27
江	27
畱	27
畺	27
禸	27
致	27
蟲	27
貫	27
迷	27
韯	27
黨	27
𠂹	27
𠬤	27
𠯑	27
𦉪	27
㞢	26
丈	26
函	26
務	26
卞	26
卬	26
厓	26
呙	26
咎	26
囊	26
堅	26
壯	26
封	26
常	26
廌	26
悲	26
截	26
拜	26
敞	26
朝	26
波	26
然	26
罷	26
考	26
背	26
苦	26
邕	26
长	26
雪	26
𡈼	26
𤐫	26
𧰨	26
㇇	25
㥯	25
䝿	25
义	25
产	25
凢	25
匿	25
叱	25
墨	25
就	25
戒	25
朔	25
枚	25
牢	25
皋	25
皐	25
矦	25
豪	25
达	25
阿	25
難	25
靑	25
鬯	25
黎	25
𠂭	25
𣅀	25
丐	24
乡	24
亮	24
仓	24
倝	24
冝	24
卆	24
叀	24
在	24
奠	24
奥	24
宋	24
宓	24
家	24
宾	24
察	24
射	24
岂	24
崇	24
彗	24
敬	24
曰	24
枲	24
柰	24
歲	24
氶	24
甶	24
畀	24
粲	24
肯	24
訇	24
贲	24
辵	24
逐	24
靡	24
須	24
龱	24
𠂈	24
𠤕	24
𠩺	24
𡉵	24
𰀠	24
㬅	23
㸚	23
仑	23
冃	23
凹	23
哉	23
寻	23
屾	23
嵬	23
州	23
師	23
幽	23
弔	23
忌	23
憲	23
房	23
族	23
書	23
朗	23
条	23
析	23
灵	23
爵	23
界	23
盈	23
看	23
眔	23
睿	23
罔	23
罗	23
肴	23
荒	23
負	23
近	23
退	23
邦	23
量	23
𠔉	23
𠱠	23
𣦵	23
𣦼	23
𣪠	23
𦙃	23
𭕄	23
㷠	22
伯	22
兪	22
勻	22
员	22
基	22
奂	22
孫	22
宰	22
尖	22
弇	22
弘	22
急	22
患	22
慧	22
执	22
掌	22
斩	22
毳	22
法	22
焱	22
犀	22
狂	22
畟	22
秝	22
等	22
罙	22
羲	22
脊	22
蘭	22
蚩	22
袁	22
通	22
造	22
郭	22
都	22
黹	22
𠃋	22
𠫤	22
𡍮	22
𡕩	22
𡘆	22
𤰇	22
𧴪	22
㇂	21
㫐	21
㲋	21
㸒	21
专	21
亲	21
便	21
內	21
刑	21
匈	21
卉	21
卤	21
卪	21
发	21
叵	21
吹	21
奢	21
好	21
威	21
審	21
对	21
屑	21
岸	21
徙	21
復	21
惡	21
旲	21
晃	21
欶	21
歮	21
殿	21
毕	21
渠	21
産	21
盡	21
罢	21
茶	21
虔	21
赞	21
遺	21
间	21
𨸏	21
④	20
㚘	20
㞷	20
丏	20
丣	20
再	20
冡	20
勇	20
動	20
历	20
厚	20
吿	20
咨	20
坒	20
声	20
备	20
妟	20
孔	20
季	20
孤	20
學	20
寮	20
已	20
带	20
店	20
悉	20
愈	20
戢	20
晋	20
桼	20
梨	20
榮	20
皷	20
絜	20
肥	20
臺	20
舞	20
著	20
薛	20
覽	20
閑	20
雀	20
頃	20
𠂎	20
𠮷	20
𠳮	20
𡰥	20
𤰔	20
𦎧	20
𩠐	20
𬼖	20
𰀄	20
𰢴	20
ユ	19
丌	19
亰	19
以	19
企	19
修	19
僕	19
卵	19
命	19
哀	19
啻	19
堆	19
奎	19
孕	19
寒	19
岩	19
巧	19
庄	19
彌	19
斉	19
時	19
欣	19
滿	19
為	19
爱	19
独	19
獻	19
畜	19
短	19
禽	19
筆	19
茸	19
莽	19
蔡	19
藏	19
處	19
虽	19
親	19
豐	19
隆	19
離	19
𡉀	19
𡘤	19
𢼄	19
𣶒	19
𥁕	19
𫲽	19
𬀷	19
𰃮	19
⺆	18
リ	18
䙴	18
东	18
乐	18
乘	18
亨	18
亩	18
党	18
勉	18
匝	18
华	18
印	18
厼	18
叒	18
坚	18
孱	18
富	18
尽	18
崩	18
嶲	18
巷	18
府	18
弜	18
役	18
忝	18
數	18
條	18
楚	18
渚	18
祟	18
節	18
粟	18
納	18
纍	18
羗	18
肃	18
虛	18
𠀁	18
𠁣	18
𠂡	18
𠬝	18
𡬠	18
𡭕	18
𤔔	18
𦚏	18
𬜯	18
𬼉	18
②	17
㘝	17
䖒	17
亯	17
他	17
伊	17
兟	17
勒	17
匹	17
卄	17
卅	17
却	17
另	17
奧	17
姜	17
婴	17
宇	17
岁	17
巟	17
廛	17
弥	17
慈	17
承	17
政	17
旣	17
晶	17
杏	17
棘	17
棠	17
森	17
欽	17
歯	17
歳	17
殷	17
泰	17
湯	17
焉	17
狊	17
班	17
畫	17
盆	17
移	17
竝	17
篤	17
翼	17
艾	17
藍	17
費	17
赖	17
道	17
閻	17
雔	17
鮮	17
𡕰	17
𡷈	17
𢀩	17
𢧵	17
𣧄	17
𤰞	17
𥃩	17
𦔮	17
𬺻	17
㑒	16
㞋	16
㣺	16
䪞	16
事	16
仕	16
兊	16
刕	16
剽	16
劫	16
勤	16
匁	16
匪	16
厌	16
囙	16
圅	16
壳	16
奐	16
奭	16
属	16
屠	16
庫	16
彼	16
徵	16
恒	16
戲	16
拉	16
新	16
柴	16
樊	16
炭	16
燮	16
爯	16
產	16
疾	16
瞏	16
瞢	16
禀	16
秃	16
秉	16
竒	16
羕	16
臯	16
舜	16
芔	16
苔	16
责	16
蹇	16
连	16
閏	16
阑	16
难	16
雙	16
頻	16
飞	16
黒	16
龵	16
𠃎	16
𠚪	16
𤴓	16
𦍋	16
𧆞	16
𧶠	16
𪉷	16
𭗼	16
𰃦	16
𰕎	16
③	15
㇄	15
㐁	15
㣇	15
䧹	15
丛	15
严	15
为	15
乆	15
乑	15
亀	15
兇	15
兓	15
凾	15
刁	15
刅	15
初	15
到	15
刺	15
劉	15
吳	15
夲	15
头	15
夻	15
室	15
将	15
屚	15
屡	15
巜	15
床	15
往	15
待	15
律	15
徒	15
恩	15
恭	15
應	15
戹	15
所	15
托	15
摩	15
斿	15
智	15
服	15
杲	15
歪	15
流	15
烈	15
狄	15
畨	15
維	15
聖	15
薄	15
衮	15
衰	15
規	15
貧	15
資	15
越	15
進	15
遀	15
適	15
邪	15
酓	15
開	15
閔	15
隽	15
雩	15
顛	15
艹	15
𠁁	15
𠚏	15
𠧪	15
𣏼	15
𣥂	15
𣥖	15
𫥞	15
𫩠	15
𰀡	15
𰆊	15
⺸	14
㡭	14
㫒	14
㼌	14
㽞	14
两	14
乌	14
何	14
侈	14
刖	14
削	14
厃	14
問	14
啚	14
囱	14
国	14
壘	14
夨	14
寄	14
崙	14
広	14
得	14
忠	14
怠	14
悶	14
昇	14
昱	14
朕	14
望	14
歇	14
牧	14
猪	14
甸	14
盇	14
眇	14
究	14
穿	14
窒	14
算	14
署	14
羸	14
翠	14
聂	14
脩	14
芬	14
苟	14
董	14
襾	14
贡	14
遷	14
麽	14
𠃬	14
𠄢	14
𡏳	14
𡰱	14
𣅽	14
𣏐	14
𩫏	14
𪩲	14
𫝀	14
𬙙	14
𭀰	14
𭻾	14
𰯲	14
⑤	13
㐮	13
㒵	13
㖾	13
㢲	13
㪅	13
㫄	13
丵	13
使	13
倍	13
兰	13
冀	13
冷	13
劵	13
匆	13
匱	13
医	13
卌	13
卦	13
吂	13
启	13
噩	13
圓	13
地	13
圶	13
埋	13
夐	13
夒	13
夘	13
奓	13
妄	13
学	13
寬	13
尙	13
屖	13
屵	13
崑	13
幻	13
彊	13
彧	13
愁	13
戸	13
敷	13
晉	13
朮	13
歆	13
歨	13
漸	13
煞	13
營	13
猋	13
猒	13
献	13
瑟	13
疊	13
盛	13
眾	13
着	13
磨	13
穹	13
笑	13
罓	13
罕	13
羍	13
羞	13
臧	13
芳	13
茂	13
茲	13
蓬	13
蕭	13
虜	13
虞	13
誩	13
諸	13
賢	13
赦	13
辥	13
逆	13
遣	13
部	13
陳	13
隨	13
靣	13
項	13
鳳	13
龟	13
𠂋	13
𠦄	13
𡕒	13
𡰪	13
𢛳	13
𢦒	13
𣌢	13
𣍘	13
𥃦	13
𦉰	13
𦥝	13
𦫸	13
𫢉	13
𭅰	13
𭑈	13
𮅕	13
𮊿	13
〣	12
㝡	12
㠩	12
㬥	12
丱	12
乾	12
亙	12
亜	12
仐	12
仒	12
仝	12
侵	12
信	12
冎	12
匂	12
叹	12
圂	12
圡	12
埀	12
姑	12
寫	12
岳	12
峯	12
巸	12
庭	12
張	12
恆	12
惢	12
改	12
曩	12
札	12
欲	12
款	12
歛	12
歰	12
洛	12
活	12
派	12
淡	12
炅	12
牚	12
牽	12
盎	12
盤	12
眷	12
眼	12
破	12
碎	12
科	12
笠	12
箕	12
篭	12
細	12
罡	12
聊	12
舄	12
芺	12
荼	12
萑	12
葵	12
蕉	12
藥	12
虗	12
蠡	12
衍	12
覓	12
貇	12
貳	12
賈	12
贯	12
輦	12
过	12
逮	12
鄉	12
闷	12
隼	12
霜	12
齋	12
者	12
𠃑	12
𠧒	12
𠬛	12
𡧱	12
𣳾	12
𥃭	12
𥘈	12
𰮤	12
⺗	11
㫖	11
㼲	11
丗	11
仁	11
佘	11
候	11
刄	11
则	11
剡	11
勃	11
卻	11
厉	11
叩	11
吋	11
和	11
哲	11
奞	11
宝	11
尭	11
尻	11
屎	11
席	11
弃	11
弦	11
強	11
彎	11
形	11
忿	11
打	11
收	11
敗	11
数	11
暑	11
杜	11
杳	11
梁	11
歸	11
毋	11
氷	11
汝	11
汞	11
沃	11
泣	11
泥	11
洪	11
浪	11
清	11
琴	11
畧	11
的	11
盃	11
盒	11
穀	11
窄	11
絫	11
綿	11
繇	11
羡	11
群	11
舉	11
芮	11
荣	11
莆	11
蒼	11
薰	11
虐	11
蜜	11
衛	11
覧	11
計	11
賔	11
軟	11
辜	11
送	11
錢	11
閃	11
閉	11
雐	11
雝	11
頡	11
𠂛	11
𠂬	11
𠃔	11
𠃜	11
𠄎	11
𠆣	11
𠧗	11
𠪚	11
𠪨	11
𡖅	11
𡭴	11
𢏚	11
𣁋	11
𥁑	11
𦉫	11
𧵩	11
𫔭	11
𫥎	11
𬎾	11
𬴘	11
𮍏	11
𰀈	11
㇈	10
㕻	10
㚅	10
㡿	10
㳄	10
䒤	10
䖍	10
乜	10
但	10
位	10
倠	10
備	10
功	10
匃	10
卧	10
厈	10
啬	10
圍	10
垚	10
塞	10
壺	10
奕	10
妙	10
嬴	10
尌	10
島	10
崖	10
彥	10
快	10
恶	10
戀	10
拿	10
推	10
提	10
斂	10
斊	10
时	10
曇	10
枝	10
梟	10
楽	10
歴	10
殻	10
毌	10
毎	10
沝	10
没	10
浦	10
浮	10
海	10
淮	10
烝	10
熙	10
珀	10
瑩	10
画	10
癹	10
皕	10
箴	10
糞	10
約	10
紫	10
縣	10
罪	10
羣	10
耴	10
耷	10
膚	10
芏	10
菆	10
菊	10
落	10
蒿	10
衆	10
貪	10
賞	10
边	10
邊	10
配	10
野	10
降	10
隱	10
雁	10
雜	10
霞	10
霸	10
駦	10
鲁	10
𠔥	10
𠕎	10
𠚤	10
𠦪	10
𠬢	10
𡌥	10
𡨝	10
𡿪	10
𢁙	10
𢆯	10
𢙣	10
𣎵	10
𣐩	10
𣷚	10
𤕨	10
𤴔	10
𤽄	10
𥇛	10
𥇡	10
𥘅	10
𦥚	10
𦫽	10
𦬅	10
𫠠	10
𫠩	10
𬺰	10
𮍌	10
𮥼	10
𰀢	10
𰁜	10
㇁	9
㞤	9
㠭	9
㢴	9
㬱	9
㸦	9
䇂	9
䏌	9
䚻	9
丢	9
乗	9
亷	9
仄	9
仍	9
佳	9
冊	9
冤	9
冰	9
刘	9
刹	9
匧	9
卣	9
卽	9
叏	9
吒	9
吟	9
唇	9
喆	9
壁	9
处	9
夰	9
孰	9
宫	9
寋	9
寶	9
尓	9
岌	9
巵	9
帇	9
廖	9
弍	9
弯	9
忘	9
恚	9
慶	9
戰	9
敉	9
斛	9
旅	9
旭	9
旻	9
昴	9
显	9
村	9
枯	9
架	9
格	9
棐	9
欵	9
欺	9
毀	9
毘	9
沈	9
沗	9
洗	9
深	9
減	9
灷	9
点	9
物	9
璽	9
略	9
盗	9
睂	9
祖	9
禿	9
窟	9
筮	9
籴	9
粉	9
紅	9
繭	9
羘	9
脅	9
芸	9
苓	9
莘	9
菓	9
葱	9
薦	9
蠢	9
褭	9
规	9
览	9
許	9
豙	9
赫	9
起	9
辣	9
運	9
遲	9
邛	9
郁	9
針	9
錦	9
閵	9
除	9
陵	9
電	9
韰	9
頗	9
領	9
鬱	9
𠀉	9
𠀷	9
𠓛	9
𠘬	9
𠤏	9
𠫝	9
𠮦	9
𡗓	9
𡗢	9
𡨼	9
𢎘	9
𢼂	9
𢾕	9
𣏟	9
𣗥	9
𣥚	9
𣱳	9
𥐧	9
𥑟	9
𦉼	9
𦍒	9
𦘔	9
𨐌	9
𨾴	9
𪋘	9
𫭠	9
𬜠	9
𭁨	9
𭆆	9
𭦌	9
𮥶	9
巢	9
𰥍	9
𰲚	9
㣊	8
䌛	8
䖏	8
䨿	8
䴡	8
仇	8
例	8
兴	8
冠	8
劣	8
勑	8
匣	8
卭	8
厨	8
叁	8
叢	8
唯	8
啟	8
喪	8
器	8
囪	8
團	8
報	8
売	8
夯	8
始	8
宐	8
宕	8
审	8
寍	8
対	8
屛	8
师	8
幹	8
弖	8
徐	8
従	8
怨	8
惟	8
愚	8
扈	8
技	8
把	8
挈	8
料	8
昊	8
昰	8
晨	8
杂	8
桒	8
楊	8
楙	8
橐	8
歐	8
毗	8
汙	8
泊	8
烕	8
焚	8
爕	8
爹	8
牪	8
甯	8
畕	8
盞	8
盲	8
県	8
秌	8
穌	8
窊	8
窮	8
筍	8
簽	8
結	8
絭	8
絶	8
耿	8
肎	8
脣	8
脱	8
节	8
芙	8
苜	8
荀	8
荄	8
蒪	8
蓮	8
蘇	8
號	8
蛋	8
蠆	8
袞	8
袲	8
裊	8
覔	8
覩	8
覺	8
變	8
贛	8
贞	8
费	8
軒	8
軗	8
輕	8
這	8
遠	8
選	8
還	8
邜	8
鄭	8
酒	8
銀	8
閙	8
閣	8
陽	8
雥	8
頭	8
頽	8
魁	8
魏	8
𠀃	8
𠁅	8
𠃏	8
𠕻	8
𠦑	8
𠾂	8
𡉊	8
𡍯	8
𡲬	8
𡵂	8
𢀜	8
𢆎	8
𢌿	8
𣎳	8
𣎼	8
𣏂	8
𤆌	8
𤆍	8
𤊽	8
𦙚	8
𦣝	8
𧈡	8
𧴲	8
𨊢	8
𨺅	8
𪟽	8
𪢴	8
𪾋	8
𫇰	8
𫧇	8
𫼉	8
𫽛	8
𬎿	8
𭎊	8
𭾱	8
𮫙	8
𰧭	8
⑧	7
㕚	7
㕦	7
㗊	7
㚒	7
㚖	7
㡯	7
㫗	7
㬰	7
㭊	7
㽜	7
买	7
乱	7
些	7
亽	7
仲	7
伸	7
似	7
住	7
体	7
佛	7
倩	7
兖	7
冢	7
冧	7
凥	7
処	7
凷	7
剛	7
剪	7
割	7
創	7
务	7
勅	7
卥	7
卨	7
卸	7
厺	7
収	7
叠	7
叫	7
哭	7
嘼	7
囬	7
夔	7
夙	7
孖	7
孨	7
孽	7
宄	7
宮	7
宴	7
寓	7
寛	7
屢	7
層	7
岜	7
庒	7
弭	7
彩	7
征	7
很	7
御	7
恖	7
恙	7
恣	7
恨	7
悟	7
慼	7
戛	7
戜	7
扶	7
拏	7
招	7
括	7
持	7
排	7
敃	7
教	7
斜	7
斦	7
斲	7
旉	7
昝	7
暮	7
曶	7
曽	7
棃	7
欮	7
歩	7
毁	7
毫	7
池	7
汪	7
治	7
沾	7
涅	7
淵	7
煩	7
熊	7
獄	7
畄	7
疐	7
発	7
神	7
禄	7
禮	7
稍	7
穷	7
符	7
第	7
策	7
簡	7
粘	7
粤	7
粵	7
終	7
緊	7
置	7
翌	7
耍	7
聞	7
舊	7
芖	7
芝	7
苑	7
苻	7
蔥	7
藝	7
蛮	7
蠻	7
衞	7
被	7
覆	7
記	7
誰	7
豋	7
豩	7
豬	7
賀	7
賊	7
负	7
质	7
蹙	7
辝	7
辠	7
述	7
遁	7
郡	7
閭	7
阎	7
阻	7
陀	7
陁	7
陏	7
雇	7
雉	7
雹	7
頼	7
額	7
餒	7
饒	7
馮	7
𠂒	7
𠃨	7
𠓜	7
𠔽	7
𠙼	7
𠜊	7
𠦜	7
𠧢	7
𠨧	7
𠩵	7
𠬸	7
𠭥	7
𠮡	7
𠮢	7
𠵛	7
𡉚	7
𡕙	7
𡕥	7
𡖇	7
𡘹	7
𡨥	7
𡨴	7
𡴀	7
𢀡	7
𢇂	7
𢈻	7
𢌬	7
𢍆	7
𢎿	7
𢧜	7
𣢟	7
𣱵	7
𤉘	7
𤊙	7
𤕫	7
𤰈	7
𥞤	7
𦊁	7
𦍑	7
𦎫	7
𦘒	7
𦤃	7
𦨉	7
𦲸	7
𦵮	7
𧴦	7
𩰬	7
𩵋	7
𪠨	7
𫪡	7
𬉹	7
𬛸	7
𬞕	7
𭁈	7
𭂫	7
𭔰	7
𮂱	7
𮎛	7
𮧊	7
賁	7
𰀕	7
𰤷	7
↷	6
ス	6
㇀	6
㓹	6
㔻	6
㕑	6
㕯	6
㚓	6
㚨	6
㝁	6
㝎	6
㢘	6
㣎	6
㦿	6
㪷	6
㮚	6
㱏	6
㿽	6
䎜	6
䎡	6
䢉	6
乕	6
亗	6
亝	6
仰	6
件	6
伴	6
低	6
侃	6
俊	6
俸	6
傳	6
傾	6
兜	6
养	6
冇	6
冨	6
决	6
凸	6
劍	6
勝	6
勳	6
匇	6
博	6
卮	6
吻	6
嘉	6
团	6
園	6
均	6
坎	6
套	6
奻	6
妬	6
姦	6
姿	6
嫩	6
孑	6
寕	6
實	6
寳	6
岺	6
帣	6
序	6
座	6
庾	6
廚	6
廩	6
弆	6
彪	6
徹	6
忒	6
怒	6
恐	6
慕	6
戓	6
戟	6
戯	6
投	6
披	6
拳	6
挼	6
擧	6
敵	6
斧	6
旾	6
昂	6
昭	6
曅	6
李	6
枽	6
柱	6
根	6
栽	6
棗	6
槖	6
氽	6
汤	6
油	6
洴	6
涂	6
淫	6
滕	6
灾	6
炗	6
煢	6
熒	6
爂	6
狀	6
狗	6
猌	6
珍	6
瓠	6
甄	6
甞	6
畓	6
畗	6
皁	6
皂	6
皛	6
盘	6
眠	6
砉	6
砳	6
祘	6
祝	6
私	6
種	6
稽	6
穎	6
窓	6
窖	6
竄	6
竞	6
端	6
笔	6
筑	6
管	6
箸	6
篾	6
籥	6
粛	6
粥	6
紂	6
統	6
繁	6
缺	6
聯	6
腊	6
臨	6
芯	6
苛	6
苹	6
茁	6
茄	6
荖	6
莊	6
萄	6
萌	6
萱	6
葡	6
葻	6
蒲	6
蓉	6
薨	6
薩	6
虑	6
虱	6
衡	6
覞	6
語	6
謈	6
豹	6
貍	6
貟	6
貲	6
超	6
軋	6
載	6
輿	6
逄	6
遙	6
遝	6
邱	6
郞	6
鄕	6
鄧	6
闒	6
闞	6
闭	6
闲	6
闹	6
阮	6
防	6
附	6
陣	6
隐	6
隧	6
隷	6
雯	6
靠	6
鞠	6
預	6
類	6
顯	6
飲	6
騫	6
鬳	6
鳴	6
鴈	6
鹽	6
麀	6
麋	6
龖	6
艹	6
𠅃	6
𠎤	6
𠓗	6
𠕒	6
𠙹	6
𠙻	6
𠡠	6
𠣬	6
𠩓	6
𠫘	6
𠬦	6
𠬪	6
𠶷	6
𡇒	6
𡋲	6
𡌦	6
𡎐	6
𡕨	6
𡥦	6
𡯄	6
𡰯	6
𡱝	6
𡸁	6
𡿫	6
𢀛	6
𢇁	6
𢇇	6
𢇛	6
𢎨	6
𢑚	6
𢽠	6
𣎾	6
𣐉	6
𣑦	6
𣪘	6
𣴎	6
𤓰	6
𤔄	6
𤴡	6
𥄳	6
𥈜	6
𥳑	6
𦊽	6
𦋍	6
𦤝	6
𦥷	6
𦧕	6
𧆠	6
𧈸	6
𨈡	6
𩶷	6
𪺏	6
𫔮	6
𫠣	6
𫠥	6
𫡏	6
𫲸	6
𬃷	6
𭁠	6
𭘧	6
𭥫	6
𮧯	6
𰀆	6
𰗑	6
𰤔	6
𰭝	6
𱁈	6
⺶	5
㇓	5
㒹	5
㓜	5
㕂	5
㕓	5
㘠	5
㝊	5
㝠	5
㦮	5
㦸	5
㫫	5
㲃	5
㲎	5
㳟	5
䂓	5
䂞	5
䒩	5
䓵	5
䡛	5
䨇	5
䩭	5
䲆	5
丠	5
丯	5
丼	5
习	5
仆	5
仚	5
仺	5
众	5
侌	5
俗	5
俱	5
假	5
偶	5
儉	5
冭	5
准	5
凴	5
別	5
刮	5
刼	5
副	5
办	5
动	5
勲	5
勸	5
匠	5
卲	5
卿	5
厙	5
厝	5
变	5
呇	5
啓	5
嘗	5
囂	5
囘	5
圈	5
圖	5
坡	5
夺	5
奸	5
娑	5
娘	5
婆	5
婪	5
孙	5
寇	5
尐	5
幕	5
庇	5
应	5
庳	5
廻	5
异	5
彬	5
怛	5
总	5
恋	5
恧	5
戼	5
扃	5
扎	5
扸	5
抱	5
挐	5
振	5
捕	5
接	5
攀	5
故	5
敇	5
效	5
救	5
敻	5
斌	5
斎	5
斐	5
斑	5
斫	5
断	5
旗	5
昚	5
暈	5
期	5
杉	5
杰	5
枭	5
染	5
査	5
桂	5
棊	5
椎	5
槀	5
欒	5
歎	5
歬	5
殊	5
毓	5
氾	5
汒	5
汖	5
汗	5
汶	5
汸	5
沂	5
沐	5
沮	5
泠	5
注	5
洎	5
津	5
洽	5
浸	5
淼	5
渐	5
湛	5
溪	5
漂	5
災	5
煎	5
煮	5
燅	5
牀	5
狠	5
狸	5
玫	5
珎	5
珠	5
甍	5
甡	5
畚	5
盂	5
盟	5
研	5
秩	5
稚	5
穵	5
窅	5
笛	5
籠	5
类	5
糜	5
絡	5
絹	5
縻	5
罵	5
羆	5
羹	5
耤	5
耦	5
耨	5
耽	5
聀	5
聑	5
肋	5
脉	5
臥	5
臸	5
舁	5
舅	5
舋	5
舎	5
船	5
芉	5
芊	5
芷	5
芾	5
苴	5
苾	5
范	5
荔	5
莎	5
莑	5
莖	5
莾	5
菁	5
萃	5
萅	5
萈	5
萊	5
萠	5
萧	5
葴	5
蒂	5
蔵	5
蕊	5
蕙	5
藺	5
螢	5
蠒	5
裁	5
裔	5
裘	5
補	5
覚	5
觜	5
訔	5
訥	5
調	5
論	5
貮	5
貶	5
賤	5
轉	5
轟	5
辡	5
迎	5
逌	5
遇	5
遍	5
邵	5
鄰	5
酸	5
釜	5
釣	5
鍾	5
钦	5
闕	5
陰	5
雽	5
震	5
霖	5
露	5
靴	5
頂	5
願	5
顷	5
须	5
频	5
颠	5
餐	5
駡	5
騰	5
默	5
鼡	5
𠀬	5
𠁊	5
𠁗	5
𠂝	5
𠇊	5
𠌶	5
𠔁	5
𠔃	5
𠔳	5
𠖀	5
𠛱	5
𠥓	5
𠦅	5
𠦍	5
𠧧	5
𠫯	5
𠫼	5
𠮥	5
𠮲	5
𠯌	5
𠯳	5
𠰞	5
𠳋	5
𡉣	5
𡉤	5
𡉼	5
𡘩	5
𡙕	5
𡩜	5
𡩟	5
𡬳	5
𡬽	5
𡭽	5
𡰣	5
𡱒	5
𡳾	5
𡶤	5
𢁟	5
𢆍	5
𢉖	5
𢍉	5
𢖻	5
𢦙	5
𢦶	5
𢨋	5
𣁁	5
𣐥	5
𣘐	5
𣫞	5
𣲇	5
𤌑	5
𤕦	5
𤝵	5
𤼭	5
𥄎	5
𥎦	5
𥘿	5
𥞫	5
𥤧	5
𦏲	5
𦧚	5
𨊴	5
𪐗	5
𪜀	5
𪢾	5
𪯢	5
𫀄	5
𫠤	5
𫨻	5
𬑔	5
𬹝	5
𬼽	5
𭃂	5
𭅲	5
𭇁	5
𭕆	5
𭖒	5
𭠍	5
𭩢	5
𭫒	5
𭯍	5
𭴘	5
𭼽	5
𮔀	5
𮕜	5
𮥿	5
𮦆	5
冗	5
甾	5
真	5
𰀃	5
𰅰	5
𰅴	5
𰋙	5
𰍰	5
𰏒	5
𰛅	5
𰢱	5
𰤲	5
𰦒	5
𰰜	5
⺻	4
〾	4
㕕	4
㕟	4
㕥	4
㚐	4
㝴	4
㞑	4
㞱	4
㢈	4
㣈	4
㦰	4
㪍	4
㫃	4
㲽	4
㲿	4
㳊	4
㴆	4
㶣	4
㷊	4
㺯	4
㿟	4
䀄	4
䀏	4
䄅	4
䍒	4
䑞	4
䒱	4
䔲	4
䗍	4
䘚	4
䙲	4
䙳	4
䝉	4
䝨	4
䠶	4
䫉	4
両	4
什	4
仃	4
仙	4
佐	4
佑	4
侍	4
依	4
俻	4
倒	4
倚	4
倫	4
倶	4
偉	4
偏	4
健	4
儵	4
兗	4
円	4
冕	4
冞	4
凱	4
凿	4
刊	4
划	4
判	4
刷	4
勗	4
勼	4
匛	4
压	4
厖	4
厗	4
叙	4
吁	4
吐	4
呌	4
味	4
嚻	4
囤	4
囦	4
囲	4
图	4
坌	4
垕	4
培	4
塵	4
墊	4
墓	4
奶	4
妹	4
娥	4
媒	4
宙	4
寂	4
寔	4
寵	4
峉	4
嵩	4
巖	4
帋	4
庵	4
廢	4
廪	4
弊	4
弌	4
弩	4
弹	4
弼	4
後	4
循	4
德	4
忸	4
怪	4
怯	4
戞	4
戴	4
戻	4
戽	4
扣	4
抗	4
担	4
拈	4
捷	4
揖	4
揭	4
斷	4
旃	4
昗	4
晁	4
暫	4
朴	4
机	4
杘	4
杭	4
桊	4
梄	4
梅	4
梢	4
棄	4
極	4
模	4
欝	4
欢	4
殘	4
殽	4
毄	4
毅	4
汎	4
污	4
汨	4
沼	4
泵	4
洒	4
洰	4
浩	4
淋	4
淺	4
準	4
溜	4
溺	4
潭	4
澧	4
灻	4
炮	4
照	4
爨	4
特	4
犁	4
犂	4
犯	4
狺	4
猗	4
猜	4
猶	4
獨	4
玆	4
玲	4
現	4
畁	4
畣	4
畬	4
疎	4
疏	4
痲	4
皼	4
眗	4
碍	4
社	4
祚	4
福	4
称	4
積	4
窜	4
笃	4
笞	4
筫	4
箭	4
篙	4
簪	4
簫	4
簿	4
籌	4
精	4
組	4
絕	4
綠	4
綦	4
縢	4
纂	4
约	4
绝	4
罽	4
羑	4
羙	4
羼	4
翦	4
翳	4
联	4
聮	4
聽	4
胄	4
胤	4
胷	4
脾	4
臘	4
臰	4
艺	4
芋	4
芣	4
芥	4
芩	4
芫	4
芽	4
苕	4
茅	4
茓	4
茟	4
茤	4
莞	4
菲	4
葦	4
蓼	4
蔓	4
蔿	4
蕇	4
蘥	4
虏	4
虧	4
虵	4
虹	4
蚕	4
蛇	4
裂	4
裏	4
裴	4
覇	4
觧	4
觱	4
誊	4
謁	4
謨	4
謹	4
譱	4
讎	4
诸	4
豫	4
貌	4
貰	4
賜	4
賫	4
贑	4
贔	4
资	4
輪	4
辳	4
迁	4
迅	4
迪	4
迴	4
迶	4
适	4
逵	4
逹	4
遄	4
遗	4
遟	4
遮	4
遼	4
醫	4
鈍	4
鈞	4
銜	4
鍂	4
鏡	4
閜	4
關	4
闡	4
闪	4
闰	4
闵	4
陋	4
限	4
陶	4
隓	4
隸	4
雅	4
雞	4
霧	4
静	4
靚	4
靜	4
鞫	4
韲	4
頓	4
頪	4
頴	4
題	4
顥	4
项	4
馽	4
驫	4
鬵	4
鲜	4
鶯	4
鸞	4
麇	4
齧	4
龨	4
既	4
者	4
𠂕	4
𠃛	4
𠄟	4
𠑽	4
𠔀	4
𠕌	4
𠕷	4
𠕾	4
𠘧	4
𠙵	4
𠚍	4
𠚒	4
𠛬	4
𠠴	4
𠣞	4
𠦃	4
𠧦	4
𠪩	4
𠫡	4
𠮚	4
𠱄	4
𡆪	4
𡆫	4
𡇂	4
𡉰	4
𡊥	4
𡊭	4
𡔲	4
𡕢	4
𡗞	4
𡘽	4
𡥉	4
𡧎	4
𡩏	4
𡯎	4
𡵃	4
𡿧	4
𡿱	4
𢀳	4
𢇍	4
𢉙	4
𢊆	4
𢍃	4
𢍄	4
𢒂	4
𢒎	4
𢗰	4
𢽟	4
𣅋	4
𣆊	4
𣆪	4
𣎽	4
𣐀	4
𣚨	4
𣥏	4
𣥕	4
𣥜	4
𣦃	4
𣪏	4
𤎭	4
𤕰	4
𤭃	4
𤰻	4
𤲅	4
𤼩	4
𥃫	4
𥄉	4
𥄗	4
𥈠	4
𥎿	4
𥘣	4
𥘾	4
𥙊	4
𥝻	4
𥤦	4
𥥗	4
𥸭	4
𦃃	4
𦆕	4
𦉴	4
𦏾	4
𦒳	4
𦓈	4
𦓤	4
𦔻	4
𦙅	4
𦙊	4
𦙟	4
𦞅	4
𦤎	4
𦨚	4
𦬆	4
𦯧	4
𧇖	4
𧈧	4
𧈹	4
𧘗	4
𧴮	4
𧸇	4
𧺆	4
𩁹	4
𩫖	4
𪜊	4
𪟩	4
𪫩	4
𪯎	4
𪱴	4
𫁒	4
𫂁	4
𫂱	4
𫈦	4
𫊣	4
𫎇	4
𫟛	4
𫤘	4
𫩞	4
𫯜	4
𫵖	4
𬉸	4
𬐚	4
𬑹	4
𬗌	4
𭅄	4
𭆙	4
𭓩	4
𭕘	4
𭣤	4
𭣦	4
𭥍	4
𭥭	4
𭩠	4
𭶰	4
𭾬	4
𮉼	4
𮙸	4
𮚋	4
𮥴	4
異	4
𰅭	4
𰉗	4
𰋷	4
𰙩	4
⑨	3
〇	3
㓂	3
㓛	3
㓨	3
㔫	3
㔿	3
㕁	3
㕘	3
㖖	3
㘴	3
㙯	3
㚏	3
㜽	3
㝐	3
㝑	3
㝛	3
㝹	3
㞌	3
㞕	3
㞧	3
㢟	3
㢶	3
㤲	3
㨨	3
㪚	3
㪯	3
㬜	3
㮊	3
㯤	3
㯥	3
㱑	3
㲜	3
㳉	3
㹜	3
㻎	3
㼱	3
㿝	3
䁝	3
䆓	3
䆫	3
䆸	3
䇔	3
䇤	3
䇥	3
䊆	3
䍐	3
䑓	3
䓁	3
䖉	3
䖟	3
䖭	3
䙵	3
䝱	3
䟫	3
䟽	3
䢼	3
䩗	3
䩻	3
䬕	3
丟	3
丳	3
乊	3
亂	3
亖	3
仅	3
仔	3
仟	3
伇	3
伶	3
佉	3
佰	3
係	3
俎	3
俟	3
倘	3
借	3
偃	3
傕	3
傘	3
催	3
儞	3
児	3
兢	3
兾	3
写	3
冾	3
减	3
凭	3
凮	3
刧	3
刻	3
剔	3
劇	3
劒	3
劭	3
労	3
効	3
勁	3
勘	3
勵	3
勽	3
匐	3
匨	3
匩	3
匯	3
匾	3
卋	3
単	3
厏	3
厒	3
叄	3
叓	3
叧	3
吇	3
听	3
呉	3
咒	3
售	3
啄	3
嗀	3
嗚	3
嗣	3
坔	3
坤	3
坦	3
埃	3
埜	3
堃	3
塊	3
塶	3
墮	3
壐	3
夀	3
夎	3
夤	3
夳	3
夿	3
奊	3
奋	3
奪	3
奰	3
姆	3
孜	3
孴	3
孹	3
宦	3
宩	3
宪	3
宷	3
寉	3
寘	3
寜	3
寥	3
専	3
尝	3
屆	3
履	3
崗	3
崟	3
嵐	3
嶭	3
巻	3
币	3
帖	3
帥	3
庂	3
庙	3
庣	3
廆	3
廱	3
归	3
彫	3
影	3
徃	3
徴	3
徽	3
怕	3
怘	3
恥	3
恵	3
悪	3
悳	3
惑	3
惺	3
慐	3
憨	3
戕	3
抄	3
抈	3
护	3
抳	3
拋	3
拘	3
拙	3
拾	3
掉	3
措	3
搴	3
撲	3
撻	3
擇	3
擎	3
攣	3
敀	3
敂	3
敛	3
斁	3
旂	3
旑	3
旖	3
旵	3
昛	3
昫	3
昺	3
晜	3
晷	3
暗	3
暠	3
暹	3
曆	3
曵	3
朙	3
板	3
枉	3
枋	3
枕	3
柏	3
栄	3
栆	3
栾	3
桓	3
梦	3
梵	3
棕	3
棧	3
棸	3
椉	3
橤	3
欦	3
欻	3
歈	3
歋	3
歡	3
殄	3
殼	3
気	3
氹	3
汀	3
汾	3
沛	3
沪	3
沸	3
泛	3
泴	3
洀	3
洋	3
洞	3
浂	3
浹	3
消	3
涉	3
涓	3
温	3
湔	3
源	3
溓	3
溥	3
漏	3
漢	3
潘	3
澡	3
濫	3
灼	3
炉	3
炊	3
炱	3
烹	3
熱	3
熹	3
燹	3
牝	3
牡	3
犇	3
犱	3
狐	3
狼	3
猷	3
獲	3
玟	3
玩	3
珡	3
理	3
琶	3
瓮	3
甕	3
甜	3
畠	3
畿	3
疉	3
疵	3
病	3
皓	3
盅	3
盏	3
盜	3
盝	3
眘	3
睒	3
睢	3
矤	3
矩	3
矯	3
砭	3
碧	3
祀	3
祁	3
祥	3
祿	3
禍	3
禦	3
秂	3
秇	3
秘	3
稀	3
程	3
稫	3
稱	3
穸	3
穾	3
窋	3
窕	3
窞	3
窡	3
窣	3
竇	3
竭	3
竿	3
笄	3
笨	3
笪	3
筒	3
筲	3
筵	3
简	3
箋	3
篆	3
篇	3
篡	3
籃	3
粗	3
粪	3
糺	3
紊	3
純	3
紙	3
絇	3
綺	3
綽	3
緘	3
縈	3
縛	3
縠	3
縷	3
總	3
繯	3
纣	3
纳	3
罣	3
翬	3
翰	3
耕	3
耻	3
聃	3
肗	3
肘	3
肜	3
肿	3
胎	3
腐	3
膏	3
膠	3
舃	3
舒	3
艶	3
芃	3
芌	3
芍	3
芘	3
芟	3
芭	3
芴	3
苐	3
苠	3
苪	3
苶	3
茖	3
茴	3
茵	3
茹	3
荂	3
荐	3
荧	3
莉	3
莧	3
莭	3
莹	3
菌	3
菜	3
菴	3
萎	3
葬	3
蒸	3
蓁	3
蓺	3
蔭	3
蕑	3
蕫	3
薔	3
薬	3
蘖	3
虡	3
虢	3
虤	3
蚉	3
蚊	3
蛬	3
融	3
蠱	3
蠶	3
術	3
衾	3
褰	3
視	3
討	3
訓	3
託	3
訾	3
詈	3
詔	3
詧	3
詩	3
課	3
譶	3
貼	3
貿	3
賽	3
贤	3
贾	3
赣	3
跛	3
躬	3
軌	3
軎	3
輂	3
輩	3
輸	3
辇	3
辯	3
迈	3
迍	3
还	3
迫	3
迮	3
迸	3
透	3
逸	3
逾	3
遶	3
郑	3
郤	3
醜	3
釗	3
釡	3
鈴	3
鉢	3
閠	3
闇	3
闖	3
问	3
阳	3
阴	3
陖	3
陟	3
院	3
陪	3
陷	3
陸	3
隂	3
随	3
隣	3
隤	3
雖	3
霆	3
霤	3
靃	3
靳	3
頣	3
顒	3
顔	3
颉	3
颓	3
餘	3
騳	3
髙	3
魄	3
魔	3
魝	3
鴨	3
鷹	3
麕	3
麤	3
麩	3
鼏	3
龎	3
类	3
𠀒	3
𠀕	3
𠀠	3
𠁡	3
𠂑	3
𠂓	3
𠂞	3
𠂷	3
𠃉	3
𠃒	3
𠃴	3
𠄐	3
𠅖	3
𠆆	3
𠆦	3
𠆳	3
𠊳	3
𠍳	3
𠑾	3
𠒆	3
𠒋	3
𠒶	3
𠔾	3
𠕵	3
𠛫	3
𠠵	3
𠤻	3
𠦂	3
𠦬	3
𠧚	3
𠧴	3
𠧸	3
𠨬	3
𠨿	3
𠩋	3
𠪥	3
𠫵	3
𠬩	3
𠭃	3
𠮝	3
𠮣	3
𠮰	3
𠯂	3
𠯭	3
𠶮	3
𠷰	3
𠹈	3
𠾳	3
𡇢	3
𡈽	3
𡉃	3
𡊚	3
𡊦	3
𡋐	3
𡍏	3
𡔢	3
𡕖	3
𡗚	3
𡗮	3
𡘑	3
𡘲	3
𡙗	3
𡙢	3
𡚬	3
𡥀	3
𡥈	3
𡧇	3
𡧍	3
𡧼	3
𡨤	3
𡨦	3
𡩋	3
𡩧	3
𡫟	3
𡬶	3
𡭔	3
𡯂	3
𡰤	3
𡱂	3
𡴆	3
𡴯	3
𡵖	3
𡶇	3
𡶩	3
𡻎	3
𡻕	3
𡼡	3
𢀀	3
𢁅	3
𢁝	3
𢁳	3
𢃄	3
𢈎	3
𢈙	3
𢊁	3
𢋨	3
𢌳	3
𢍁	3
𢍍	3
𢎟	3
𢓤	3
𢗀	3
𢚩	3
𢛧	3
𢡃	3
𢦍	3
𢧤	3
𢨯	3
𢨳	3
𢪒	3
𢪙	3
𢪛	3
𢼸	3
𢾰	3
𢿌	3
𢿨	3
𣀦	3
𣂑	3
𣂜	3
𣅳	3
𣆉	3
𣆫	3
𣇛	3
𣌡	3
𣍝	3
𣛕	3
𣢾	3
𣣴	3
𣥄	3
𣥶	3
𤆬	3
𤉄	3
𤋱	3
𤍾	3
𤓯	3
𤔌	3
𤕻	3
𤤴	3
𤬦	3
𤯓	3
𤰅	3
𤰗	3
𤱪	3
𤲃	3
𤲶	3
𤳳	3
𤿤	3
𥃯	3
𥃰	3
𥃲	3
𥄧	3
𥄲	3
𥈀	3
𥎩	3
𥝤	3
𥟅	3
𥥍	3
𥪖	3
𥪴	3
𥬥	3
𥱩	3
𥸪	3
𥹫	3
𥻆	3
𥽘	3
𦄐	3
𦉬	3
𦉶	3
𦍎	3
𦙌	3
𦟝	3
𦥒	3
𦦉	3
𦫳	3
𦬑	3
𦬞	3
𦬰	3
𦬸	3
𦭤	3
𦾈	3
𦾓	3
𧃰	3
𧆨	3
𧋠	3
𧞻	3
𧥢	3
𧮫	3
𧯞	3
𧱏	3
𧴫	3
𧴵	3
𨑲	3
𨙨	3
𨥫	3
𨶒	3
𨽻	3
𨿳	3
𩇮	3
𩔊	3
𩡱	3
𩰥	3
𩱕	3
𩾏	3
𪄿	3
𪅝	3
𪚰	3
𪞏	3
𪟄	3
𪩡	3
𪪳	3
𪪷	3
𪰊	3
𪰖	3
𪳐	3
𪺕	3
𪺽	3
𫊝	3
𫏳	3
𫒀	3
𫕻	3
𫝕	3
𫟯	3
𫠙	3
𫨂	3
𫯁	3
𫲓	3
𫳂	3
𫳭	3
𫾦	3
𬄜	3
𬐃	3
𬜥	3
𬯁	3
𬯵	3
𬺷	3
𬺹	3
𬼀	3
𬼶	3
𬽪	3
𬾕	3
𭁣	3
𭂬	3
𭄘	3
𭄶	3
𭅒	3
𭇥	3
𭍺	3
𭑃	3
𭑨	3
𭔺	3
𭕇	3
𭘍	3
𭘑	3
𭜨	3
𭟲	3
𭤟	3
𭥐	3
𭥕	3
𭦗	3
𭧂	3
𭩶	3
𭮫	3
𭵝	3
𭼩	3
𭽀	3
𭾐	3
𮂸	3
𮋛	3
𮎰	3
𮒹	3
𮙥	3
𮙺	3
𮩴	3
𮮠	3
丽	3
兔	3
𰂙	3
𰏮	3
𰕣	3
𰗣	3
𰟚	3
𰡮	3
𰯯	3
𰲝	3
𱅑	3
𱋁	3
α	2
↔	2
①	2
⺧	2
サ	2
㇋	2
㐆	2
㐊	2
㐍	2
㐩	2
㐪	2
㐲	2
㑴	2
㒴	2
㒺	2
㓊	2
㓤	2
㓩	2
㔍	2
㔷	2
㕉	2
㕖	2
㕡	2
㕧	2
㕩	2
㕺	2
㕿	2
㖈	2
㘳	2
㘶	2
㘸	2
㙓	2
㙜	2
㚆	2
㚈	2
㚣	2
㚻	2
㝢	2
㝬	2
㝷	2
㞎	2
㞡	2
㞣	2
㞪	2
㞭	2
㞺	2
㢆	2
㢛	2
㣫	2
㤪	2
㪣	2
㫕	2
㭝	2
㮣	2
㯎	2
㰳	2
㱕	2
㱛	2
㱿	2
㲄	2
㲺	2
㳜	2
㳝	2
㳮	2
㷀	2
㷅	2
㷦	2
㹞	2
㺳	2
㽔	2
㽚	2
㽵	2
㾇	2
㾜	2
㿾	2
䀐	2
䀜	2
䂝	2
䅈	2
䆟	2
䆣	2
䆥	2
䈁	2
䋈	2
䋣	2
䋰	2
䋶	2
䏎	2
䏙	2
䑣	2
䒔	2
䒚	2
䒥	2
䒺	2
䓗	2
䔘	2
䔡	2
䔥	2
䕌	2
䕥	2
䖤	2
䙷	2
䚺	2
䛣	2
䜟	2
䠣	2
䢅	2
䢍	2
䣈	2
䦚	2
䦧	2
䦨	2
䦲	2
䧟	2
䰜	2
䰟	2
䳆	2
䳡	2
䵗	2
丒	2
丝	2
举	2
乁	2
书	2
亳	2
亹	2
仉	2
仞	2
份	2
伎	2
伝	2
伞	2
伽	2
佊	2
你	2
佩	2
佫	2
侎	2
供	2
侣	2
俐	2
俚	2
個	2
倗	2
倭	2
偒	2
偘	2
傅	2
債	2
僃	2
僭	2
僺	2
億	2
儒	2
兂	2
兠	2
冑	2
冟	2
冩	2
冯	2
冲	2
凃	2
凌	2
凝	2
凧	2
凬	2
凰	2
凳	2
击	2
券	2
剖	2
剝	2
剥	2
努	2
劬	2
劼	2
勛	2
募	2
勢	2
匍	2
匙	2
匮	2
匳	2
匼	2
厊	2
厎	2
厦	2
厳	2
叞	2
叡	2
吠	2
呄	2
呰	2
呱	2
呴	2
呵	2
咪	2
哈	2
哏	2
哨	2
哩	2
唫	2
喦	2
嗎	2
嗐	2
嗔	2
噴	2
嚚	2
囡	2
围	2
囿	2
圉	2
圜	2
圯	2
圴	2
坊	2
坟	2
坣	2
坸	2
垁	2
垒	2
垢	2
垣	2
城	2
域	2
堕	2
堹	2
塍	2
塹	2
墾	2
壅	2
壮	2
壵	2
壼	2
夃	2
夶	2
奅	2
奩	2
奮	2
奼	2
妨	2
妮	2
娃	2
娚	2
娜	2
婏	2
媚	2
嫈	2
嫌	2
孒	2
孓	2
孩	2
宎	2
宼	2
宽	2
寀	2
寁	2
寃	2
寗	2
寡	2
寨	2
寰	2
尕	2
尪	2
屐	2
屓	2
岀	2
岗	2
峩	2
峲	2
嵒	2
嵗	2
帠	2
庁	2
庅	2
库	2
庖	2
庛	2
废	2
廡	2
廼	2
张	2
弧	2
彘	2
彤	2
彰	2
彷	2
彿	2
徂	2
徇	2
徍	2
徫	2
徸	2
怗	2
怽	2
恠	2
恢	2
恪	2
恬	2
恰	2
恳	2
恿	2
悁	2
悎	2
悖	2
悘	2
悥	2
惪	2
惱	2
想	2
惹	2
愿	2
慚	2
慜	2
慝	2
慸	2
憃	2
憑	2
憧	2
懇	2
懷	2
戝	2
戺	2
扆	2
扛	2
扩	2
扮	2
扯	2
扱	2
扲	2
扳	2
抖	2
抽	2
拂	2
拃	2
拍	2
拑	2
拔	2
择	2
拯	2
挑	2
挙	2
挨	2
捉	2
捎	2
捼	2
掛	2
掣	2
掽	2
搖	2
搶	2
摘	2
摷	2
摹	2
撒	2
播	2
撮	2
撿	2
操	2
擢	2
攺	2
敍	2
斈	2
斝	2
斟	2
斨	2
斵	2
旙	2
旳	2
旺	2
昀	2
昋	2
昕	2
昨	2
晝	2
晟	2
暏	2
暖	2
暘	2
暜	2
暨	2
曡	2
曺	2
曻	2
朐	2
朽	2
杠	2
杨	2
杴	2
杼	2
枀	2
枦	2
柑	2
柕	2
柘	2
柯	2
柳	2
栞	2
校	2
案	2
桌	2
桎	2
桝	2
梧	2
棋	2
棒	2
棨	2
棱	2
棹	2
棻	2
楇	2
楞	2
楫	2
楬	2
楺	2
榜	2
榦	2
榴	2
槃	2
構	2
槯	2
槽	2
樋	2
樓	2
樞	2
樢	2
樵	2
樸	2
橆	2
橋	2
橑	2
橫	2
檗	2
欧	2
欬	2
欿	2
歃	2
歧	2
殂	2
残	2
毖	2
毟	2
毦	2
氈	2
汇	2
汉	2
汍	2
汚	2
汜	2
汦	2
汲	2
汵	2
決	2
沁	2
沅	2
沉	2
沔	2
沫	2
沬	2
沱	2
河	2
泓	2
泙	2
泜	2
泡	2
泪	2
泫	2
泯	2
泳	2
洉	2
洍	2
洝	2
洟	2
洫	2
洱	2
洼	2
浄	2
浅	2
浱	2
浽	2
涄	2
涯	2
涵	2
涷	2
淂	2
淑	2
淙	2
淦	2
淶	2
混	2
渄	2
渊	2
渴	2
游	2
湄	2
湅	2
湳	2
湿	2
満	2
溤	2
溸	2
滂	2
滅	2
滌	2
滑	2
滔	2
滷	2
漅	2
漣	2
漫	2
漻	2
潁	2
潐	2
潢	2
潪	2
澁	2
澤	2
澰	2
濁	2
濃	2
濯	2
瀝	2
瀧	2
灌	2
灮	2
灳	2
炘	2
炳	2
烋	2
烓	2
烦	2
热	2
烾	2
焏	2
焛	2
焭	2
煑	2
煙	2
熟	2
熬	2
燊	2
燾	2
牂	2
牃	2
版	2
牋	2
牒	2
牨	2
犾	2
狱	2
猫	2
獚	2
玑	2
玖	2
玪	2
珤	2
球	2
瑞	2
瑪	2
瓢	2
甗	2
町	2
畎	2
畤	2
疳	2
痳	2
瘦	2
皅	2
盁	2
盌	2
盐	2
盰	2
盱	2
眀	2
眛	2
眧	2
睡	2
睾	2
瞐	2
矜	2
砅	2
砍	2
硬	2
碓	2
碭	2
確	2
磿	2
祋	2
禼	2
秊	2
秏	2
稈	2
稓	2
稔	2
稗	2
稜	2
稣	2
稳	2
穆	2
窑	2
窘	2
窩	2
竘	2
竛	2
竪	2
竺	2
笀	2
笋	2
笍	2
笙	2
笺	2
筏	2
筓	2
筴	2
筶	2
筹	2
箄	2
箑	2
箜	2
範	2
築	2
篗	2
篚	2
篸	2
簋	2
簾	2
籍	2
粒	2
粜	2
粞	2
粽	2
紋	2
級	2
紛	2
紡	2
絛	2
給	2
絮	2
絰	2
絽	2
綏	2
緂	2
緐	2
緜	2
緝	2
緣	2
編	2
緩	2
練	2
縮	2
縳	2
繒	2
繞	2
纖	2
红	2
纯	2
维	2
绵	2
罃	2
罌	2
罍	2
罨	2
罩	2
羮	2
羴	2
翔	2
翚	2
翛	2
翜	2
翣	2
翽	2
耄	2
耇	2
耐	2
耗	2
耼	2
聆	2
聒	2
聘	2
聲	2
聴	2
職	2
肆	2
肇	2
肌	2
肚	2
股	2
肫	2
肬	2
肰	2
肵	2
胆	2
胍	2
胞	2
脂	2
脈	2
脚	2
脛	2
脯	2
腔	2
腦	2
腫	2
腮	2
腰	2
腱	2
腸	2
膝	2
臂	2
臠	2
臦	2
臮	2
臻	2
航	2
舵	2
艁	2
艷	2
艿	2
芆	2
芈	2
芎	2
芕	2
芡	2
芹	2
芼	2
苁	2
苂	2
苏	2
苖	2
苫	2
苲	2
茀	2
茈	2
茌	2
茍	2
茜	2
茿	2
荃	2
荑	2
荳	2
荷	2
荸	2
莁	2
莤	2
莨	2
莩	2
莪	2
菀	2
菛	2
菟	2
菩	2
菫	2
菱	2
菹	2
萁	2
萗	2
营	2
萦	2
萲	2
葢	2
蒐	2
蒯	2
蓄	2
蓆	2
蓲	2
蔄	2
蔍	2
蔗	2
蔴	2
蔺	2
蕃	2
蕈	2
蕚	2
蕩	2
蕳	2
薇	2
薎	2
薑	2
薜	2
薟	2
薫	2
薯	2
薾	2
藋	2
虩	2
虳	2
虺	2
蛛	2
蝱	2
螎	2
蟸	2
蠃	2
衢	2
褢	2
覈	2
觀	2
觅	2
觔	2
觚	2
觸	2
詐	2
評	2
該	2
詳	2
誇	2
説	2
諫	2
謀	2
謄	2
謇	2
讀	2
讒	2
许	2
谒	2
豁	2
豉	2
豎	2
豚	2
豤	2
豳	2
貈	2
貎	2
貘	2
財	2
貸	2
賃	2
賚	2
賷	2
贅	2
贏	2
贪	2
贫	2
贰	2
贳	2
贺	2
贼	2
赐	2
赛	2
趂	2
趙	2
跳	2
蹄	2
躳	2
軫	2
軬	2
輈	2
輙	2
轎	2
轧	2
轻	2
载	2
辭	2
辺	2
迄	2
远	2
迡	2
迥	2
迦	2
迨	2
逃	2
途	2
逛	2
逝	2
逼	2
遅	2
遏	2
遴	2
遽	2
邁	2
郅	2
郍	2
郚	2
郢	2
鄊	2
酖	2
酤	2
釋	2
鈘	2
鈙	2
鉗	2
鉤	2
銛	2
銽	2
錄	2
錯	2
錿	2
鑒	2
鑫	2
鑾	2
閂	2
閕	2
閘	2
閞	2
閤	2
閲	2
闍	2
闥	2
闾	2
阁	2
队	2
陂	2
陈	2
陌	2
隅	2
隗	2
隠	2
險	2
雄	2
雈	2
雒	2
霅	2
霓	2
霛	2
靖	2
靘	2
鞁	2
鞍	2
韓	2
韻	2
順	2
頊	2
頑	2
頝	2
頶	2
頹	2
頺	2
顡	2
预	2
飄	2
飢	2
馘	2
馭	2
馵	2
駁	2
駕	2
駮	2
駷	2
騎	2
騐	2
驃	2
骹	2
體	2
髪	2
鬊	2
鬩	2
魂	2
魋	2
鮝	2
鯀	2
鳧	2
鳩	2
鳬	2
鳯	2
鴡	2
鴫	2
鴶	2
鵢	2
鵣	2
鷄	2
麁	2
麏	2
黈	2
黌	2
黠	2
鼀	2
齕	2
鿄	2
鿿	2
𤋮	2
並	2
敖	2
歹	2
𠀂	2
𠀋	2
𠀌	2
𠀘	2
𠀚	2
𠀤	2
𠀭	2
𠁤	2
𠂂	2
𠂌	2
𠂘	2
𠃅	2
𠃤	2
𠃧	2
𠅇	2
𠅔	2
𠆥	2
𠆧	2
𠆸	2
𠇗	2
𠇤	2
𠇩	2
𠇮	2
𠈇	2
𠈉	2
𠈣	2
𠌵	2
𠏉	2
𠒃	2
𠓝	2
𠔈	2
𠔒	2
𠕅	2
𠕉	2
𠕸	2
𠕽	2
𠖲	2
𠗦	2
𠘭	2
𠙸	2
𠙽	2
𠛜	2
𠣓	2
𠣜	2
𠣧	2
𠥶	2
𠥻	2
𠥽	2
𠦏	2
𠦕	2
𠧠	2
𠨋	2
𠨣	2
𠨽	2
𠩈	2
𠩟	2
𠪔	2
𠪕	2
𠫭	2
𠫹	2
𠬜	2
𠮓	2
𠮠	2
𠯃	2
𠯚	2
𠯪	2
𠰥	2
𠱀	2
𠱯	2
𠳬	2
𠵥	2
𠶶	2
𡆴	2
𡇆	2
𡇞	2
𡈀	2
𡉉	2
𡉸	2
𡋑	2
𡋛	2
𡋰	2
𡎸	2
𡔷	2
𡖂	2
𡗉	2
𡗩	2
𡗬	2
𡗱	2
𡗶	2
𡘃	2
𡘚	2
𡘰	2
𡙁	2
𡙷	2
𡚖	2
𡚤	2
𡚱	2
𡚴	2
𡣍	2
𡥞	2
𡧆	2
𡧘	2
𡧰	2
𡨈	2
𡨋	2
𡩖	2
𡪺	2
𡫥	2
𡮂	2
𡰮	2
𡱁	2
𡱅	2
𡳿	2
𡴇	2
𡴋	2
𡴤	2
𡵆	2
𡵧	2
𡵶	2
𡶀	2
𡶫	2
𡶬	2
𡷇	2
𡸱	2
𡺛	2
𢃋	2
𢆸	2
𢆻	2
𢇅	2
𢇕	2
𢇻	2
𢈔	2
𢋎	2
𢌮	2
𢌺	2
𢏏	2
𢏝	2
𢐨	2
𢒗	2
𢒫	2
𢓄	2
𢓥	2
𢓭	2
𢔀	2
𢕪	2
𢖶	2
𢗭	2
𢗼	2
𢘻	2
𢙅	2
𢚸	2
𢛢	2
𢜊	2
𢜏	2
𢣭	2
𢦦	2
𢦷	2
𢨩	2
𢨪	2
𢩠	2
𢩭	2
𢯡	2
𢻻	2
𢿐	2
𢿱	2
𣁽	2
𣂫	2
𣃍	2
𣅂	2
𣅆	2
𣅻	2
𣆛	2
𣇄	2
𣈅	2
𣎴	2
𣎶	2
𣏉	2
𣏏	2
𣏔	2
𣐁	2
𣐺	2
𣐽	2
𣓏	2
𣓪	2
𣞤	2
𣢐	2
𣫭	2
𣬈	2
𣮿	2
𣯅	2
𣱱	2
𣱲	2
𣱹	2
𣱼	2
𣲂	2
𣲙	2
𣲲	2
𣴍	2
𣵀	2
𣶃	2
𣷌	2
𣸁	2
𣹰	2
𣺎	2
𣺦	2
𣻌	2
𣿕	2
𤆅	2
𤆎	2
𤇏	2
𤇫	2
𤈗	2
𤈫	2
𤈼	2
𤉐	2
𤉢	2
𤉷	2
𤊅	2
𤊆	2
𤊱	2
𤋮	2
𤋯	2
𤎉	2
𤓳	2
𤓻	2
𤓽	2
𤓿	2
𤔿	2
𤕤	2
𤕬	2
𤘆	2
𤘧	2
𤛉	2
𤡜	2
𤮺	2
𤯔	2
𤰸	2
𤰺	2
𤱊	2
𤱵	2
𤲢	2
𤲥	2
𤴭	2
𤵂	2
𤸰	2
𤽖	2
𤽤	2
𤾇	2
𤾊	2
𤿺	2
𥁃	2
𥁄	2
𥁓	2
𥂀	2
𥃆	2
𥃳	2
𥄁	2
𥄃	2
𥅌	2
𥆝	2
𥎨	2
𥎯	2
𥒐	2
𥝅	2
𥝌	2
𥟈	2
𥠖	2
𥡂	2
𥡞	2
𥤥	2
𥤨	2
𥥐	2
𥥛	2
𥥟	2
𥫘	2
𥬟	2
𥭗	2
𥮏	2
𥯀	2
𥰬	2
𥱡	2
𥸨	2
𥸮	2
𥹷	2
𥹺	2
𥿄	2
𦀓	2
𦉷	2
𦊆	2
𦊊	2
𦊷	2
𦋐	2
𦍐	2
𦍤	2
𦎍	2
𦐱	2
𦒿	2
𦓃	2
𦗟	2
𦙑	2
𦙲	2
𦚉	2
𦚋	2
𦚾	2
𦣦	2
𦣺	2
𦤏	2
𦥙	2
𦥭	2
𦬊	2
𦬗	2
𦬵	2
𦬾	2
𦮠	2
𦯕	2
𦰧	2
𦱤	2
𦳝	2
𦵯	2
𦶎	2
𧃍	2
𧅚	2
𧆛	2
𧆲	2
𧇃	2
𧇊	2
𧇽	2
𧈠	2
𧉘	2
𧋯	2
𧍣	2
𧓎	2
𧙃	2
𧙏	2
𧙫	2
𧙯	2
𧛱	2
𧟥	2
𧟨	2
𧠇	2
𧣽	2
𧤅	2
𧥥	2
𧦈	2
𧨅	2
𧬉	2
𧯥	2
𧯽	2
𧰷	2
𧰼	2
𧴧	2
𧴴	2
𧴹	2
𧴿	2
𧵆	2
𧵍	2
𧵚	2
𧵽	2
𧷏	2
𧷗	2
𧹞	2
𧹳	2
𧿈	2
𨊠	2
𨊫	2
𨑤	2
𨑳	2
𨒣	2
𨔶	2
𨙰	2
𨚪	2
𨟻	2
𨤑	2
𨤾	2
𨨖	2
𨲆	2
𨳐	2
𨴯	2
𨽹	2
𨽾	2
𨾈	2
𨾏	2
𨾗	2
𩂊	2
𩂩	2
𩄣	2
𩊐	2
𩐍	2
𩐎	2
𩒛	2
𩒳	2
𩚇	2
𩡐	2
𩫃	2
𩰊	2
𩺰	2
𩾪	2
𩾯	2
𪅀	2
𪉟	2
𪌜	2
𪏯	2
𪏽	2
𪔅	2
𪙹	2
𪚾	2
𪜌	2
𪜕	2
𪜱	2
𪜹	2
𪝉	2
𪠋	2
𪢶	2
𪤷	2
𪥌	2
𪧐	2
𪧘	2
𪧷	2
𪨊	2
𪫕	2
𪯲	2
𪱙	2
𪱿	2
𪲓	2
𪵩	2
𪷂	2
𪺍	2
𪺞	2
𪽋	2
𪽍	2
𪽗	2
𪿒	2
𪿟	2
𫄾	2
𫇆	2
𫇏	2
𫈋	2
𫈼	2
𫊺	2
𫋴	2
𫎬	2
𫐣	2
𫑗	2
𫕄	2
𫜵	2
𫝁	2
𫝄	2
𫝣	2
𫞯	2
𫟎	2
𫠨	2
𫡃	2
𫡅	2
𫡿	2
𫢀	2
𫢚	2
𫢴	2
𫤪	2
𫤫	2
𫥡	2
𫧠	2
𫨀	2
𫨷	2
𫩑	2
𫩧	2
𫮛	2
𫯝	2
𫰑	2
𫲵	2
𫲿	2
𫵱	2
𫸚	2
𫸧	2
𫹆	2
𫹍	2
𫹯	2
𫺁	2
𫻨	2
𫻬	2
𫻶	2
𬀴	2
𬁟	2
𬂝	2
𬄀	2
𬅶	2
𬆣	2
𬇊	2
𬉶	2
𬌪	2
𬏝	2
𬏬	2
𬐧	2
𬔖	2
𬔭	2
𬔰	2
𬕍	2
𬙜	2
𬙮	2
𬙸	2
𬛭	2
𬛳	2
𬜩	2
𬜶	2
𬜻	2
𬝑	2
𬝘	2
𬢝	2
𬥎	2
𬩺	2
𬺞	2
𬻇	2
𬼈	2
𬽄	2
𬽊	2
𬽲	2
𬾐	2
𭀠	2
𭁉	2
𭁟	2
𭁭	2
𭁳	2
𭁴	2
𭁼	2
𭃚	2
𭃡	2
𭃤	2
𭄞	2
𭆞	2
𭈹	2
𭍠	2
𭒹	2
𭔫	2
𭖨	2
𭘆	2
𭙡	2
𭜪	2
𭜳	2
𭟯	2
𭟼	2
𭣔	2
𭣢	2
𭥎	2
𭥒	2
𭥨	2
𭥯	2
𭥴	2
𭩮	2
𭪙	2
𭪿	2
𭭇	2
𭭋	2
𭭙	2
𭮀	2
𭮪	2
𭮬	2
𭴁	2
𭴔	2
𭴷	2
𭷆	2
𭸵	2
𭿃	2
𮃣	2
𮃼	2
𮍦	2
𮎙	2
𮏄	2
𮓗	2
𮔉	2
𮕩	2
𮕹	2
𮖐	2
𮖿	2
𮚏	2
𮝾	2
𮥷	2
𮦉	2
𮧮	2
𮩸	2
免	2
𠕋	2
勺	2
匆	2
即	2
切	2
屮	2
成	2
黾	2
𰀒	2
𰀦	2
𰁒	2
𰁦	2
𰅱	2
𰆗	2
𰈈	2
𰋟	2
𰋣	2
𰌼	2
𰍧	2
𰍨	2
𰍪	2
𰍱	2
𰏴	2
𰏸	2
𰗓	2
𰘾	2
𰙡	2
𰙤	2
𰛄	2
𰞲	2
𰞴	2
𰠀	2
𰢵	2
𰥎	2
𰦖	2
𰨛	2
𰩬	2
𰫝	2
𰭢	2
𰮫	2
𰱅	2
𰶵	2
𰷣	2
𱀵	2
𱄿	2
ℓ	1
⑫	1
⑬	1
⑮	1
⑯	1
⑲	1
△	1
⺭	1
⺷	1
⻀	1
⼹	1
よ	1
㇅	1
㇊	1
㇌	1
㇍	1
㇎	1
㇝	1
㇞	1
㇡	1
㇢	1
㐀	1
㐂	1
㐋	1
㐧	1
㐺	1
㐼	1
㑑	1
㑛	1
㑞	1
㑥	1
㑫	1
㒒	1
㒲	1
㒶	1
㒷	1
㓀	1
㓇	1
㓒	1
㓕	1
㓙	1
㓝	1
㓠	1
㓣	1
㓧	1
㓯	1
㓱	1
㔁	1
㔙	1
㔜	1
㔸	1
㔽	1
㕄	1
㕋	1
㕍	1
㕝	1
㕞	1
㕱	1
㗖	1
㗬	1
㘮	1
㙛	1
㙶	1
㚄	1
㚗	1
㚚	1
㚝	1
㚠	1
㚢	1
㚼	1
㚿	1
㛁	1
㛄	1
㛮	1
㜀	1
㜦	1
㝅	1
㝔	1
㝖	1
㝚	1
㝝	1
㝱	1
㞍	1
㞐	1
㞒	1
㞙	1
㞚	1
㞦	1
㞬	1
㞵	1
㟀	1
㟯	1
㠊	1
㠪	1
㠱	1
㠻	1
㡳	1
㢏	1
㢕	1
㢖	1
㢡	1
㢣	1
㢨	1
㢱	1
㢽	1
㣂	1
㣃	1
㣘	1
㣚	1
㣟	1
㣤	1
㣥	1
㣦	1
㣼	1
㤀	1
㤁	1
㤅	1
㤋	1
㤐	1
㤕	1
㤗	1
㤻	1
㥁	1
㥑	1
㥞	1
㥥	1
㥷	1
㥽	1
㦄	1
㦞	1
㦤	1
㦲	1
㧁	1
㧍	1
㧎	1
㧜	1
㧝	1
㧬	1
㧱	1
㨗	1
㨦	1
㩅	1
㩥	1
㪉	1
㪔	1
㪘	1
㪙	1
㪿	1
㫔	1
㫥	1
㫧	1
㫬	1
㫭	1
㫷	1
㫿	1
㬵	1
㭃	1
㭌	1
㭍	1
㭑	1
㭕	1
㭡	1
㭪	1
㭬	1
㭮	1
㭰	1
㮃	1
㮈	1
㯋	1
㯱	1
㰆	1
㰠	1
㰦	1
㰪	1
㰯	1
㰴	1
㰹	1
㰻	1
㱅	1
㱚	1
㲂	1
㲒	1
㲘	1
㲹	1
㳂	1
㳎	1
㳞	1
㳨	1
㳭	1
㳯	1
㳿	1
㴌	1
㴖	1
㴞	1
㴠	1
㴱	1
㴻	1
㵕	1
㶋	1
㶐	1
㶨	1
㶮	1
㶾	1
㷉	1
㷐	1
㷔	1
㷤	1
㷳	1
㷴	1
㷼	1
㷿	1
㸂	1
㸃	1
㸐	1
㸑	1
㸓	1
㸔	1
㹨	1
㹿	1
㺒	1
㻂	1
㻚	1
㻺	1
㼒	1
㼫	1
㽓	1
㽗	1
㽦	1
㽾	1
㾈	1
㿞	1
㿡	1
㿿	1
䀁	1
䀈	1
䀗	1
䀛	1
䀝	1
䁂	1
䁔	1
䂖	1
䂮	1
䄈	1
䄪	1
䄸	1
䅆	1
䅇	1
䅎	1
䅔	1
䅗	1
䅟	1
䅠	1
䅡	1
䅥	1
䆋	1
䆑	1
䆠	1
䆤	1
䇝	1
䇠	1
䇣	1
䇨	1
䇪	1
䇯	1
䇴	1
䇷	1
䇺	1
䇾	1
䇿	1
䈎	1
䈏	1
䈞	1
䉅	1
䉞	1
䉼	1
䊍	1
䊩	1
䊮	1
䊸	1
䊾	1
䋛	1
䋠	1
䋦	1
䋭	1
䋲	1
䍔	1
䍗	1
䍘	1
䍛	1
䍜	1
䍢	1
䎁	1
䎆	1
䎩	1
䎳	1
䏈	1
䏔	1
䏣	1
䏧	1
䏪	1
䏻	1
䏽	1
䏾	1
䐌	1
䐍	1
䐑	1
䐜	1
䐣	1
䐳	1
䑂	1
䒕	1
䒘	1
䒝	1
䒠	1
䒦	1
䒧	1
䒬	1
䒸	1
䓀	1
䓊	1
䓍	1
䓢	1
䓣	1
䓤	1
䓧	1
䓨	1
䓬	1
䔍	1
䔵	1
䕙	1
䕟	1
䕺	1
䕿	1
䖔	1
䖥	1
䘍	1
䘐	1
䘖	1
䘙	1
䘵	1
䙔	1
䚂	1
䚬	1
䚯	1
䚴	1
䚵	1
䚿	1
䛟	1
䛨	1
䜭	1
䝆	1
䝐	1
䝳	1
䝺	1
䝾	1
䞈	1
䞿	1
䟝	1
䠂	1
䡈	1
䡔	1
䡞	1
䢊	1
䢖	1
䢙	1
䢞	1
䢯	1
䢹	1
䢽	1
䣅	1
䣋	1
䣕	1
䣱	1
䦌	1
䦎	1
䦝	1
䦰	1
䧑	1
䧔	1
䧘	1
䨜	1
䨣	1
䨮	1
䨾	1
䩑	1
䫏	1
䫕	1
䫫	1
䭉	1
䭴	1
䮍	1
䮕	1
䯉	1
䯭	1
䯹	1
䰻	1
䲨	1
䲴	1
䲽	1
䳍	1
䳒	1
䳠	1
䳬	1
䳵	1
䴢	1
䵯	1
䶗	1
䶞	1
丧	1
临	1
乒	1
乢	1
乣	1
乹	1
乼	1
亣	1
亿	1
仂	1
仏	1
仛	1
仠	1
仡	1
仢	1
仧	1
仨	1
仼	1
仿	1
伋	1
伒	1
优	1
伙	1
伢	1
伩	1
伪	1
伱	1
伹	1
伿	1
佋	1
佔	1
佗	1
佢	1
佦	1
佯	1
佴	1
佸	1
佻	1
侁	1
侄	1
侒	1
侗	1
侘	1
侙	1
侠	1
侫	1
侰	1
侱	1
侻	1
促	1
俆	1
俥	1
俶	1
倀	1
倅	1
倐	1
倓	1
值	1
做	1
停	1
偪	1
側	1
偵	1
偷	1
偸	1
偹	1
偽	1
傀	1
傌	1
傎	1
储	1
傫	1
傱	1
傻	1
僄	1
働	1
僚	1
僜	1
僞	1
僡	1
僧	1
價	1
儂	1
儇	1
儋	1
儔	1
儗	1
儨	1
儲	1
儼	1
兎	1
兕	1
兦	1
冚	1
冣	1
冦	1
况	1
冶	1
净	1
凊	1
凋	1
凖	1
凣	1
凤	1
凩	1
凪	1
凼	1
刈	1
刋	1
刎	1
刚	1
刜	1
刢	1
刦	1
刪	1
刲	1
刵	1
刾	1
剈	1
剋	1
剑	1
剬	1
剭	1
剴	1
剸	1
劯	1
劲	1
勆	1
勔	1
勖	1
勠	1
勣	1
勫	1
匏	1
匜	1
匤	1
匶	1
卐	1
卛	1
卫	1
卹	1
卺	1
厀	1
厅	1
厇	1
厔	1
厞	1
厠	1
厡	1
厪	1
厮	1
厱	1
县	1
叛	1
叨	1
叴	1
叶	1
叿	1
吆	1
吽	1
呀	1
呋	1
呎	1
呏	1
呚	1
呥	1
呲	1
咖	1
咡	1
咬	1
咱	1
咲	1
咿	1
哂	1
哆	1
响	1
哖	1
哠	1
哢	1
哵	1
哺	1
哿	1
唄	1
唆	1
唬	1
唷	1
唻	1
啉	1
啐	1
啫	1
啵	1
啼	1
喂	1
喃	1
喉	1
喑	1
喟	1
喭	1
営	1
嗃	1
嗟	1
嗢	1
嗻	1
嘆	1
噓	1
噧	1
嚙	1
嚣	1
嚩	1
嚬	1
嚮	1
嚲	1
囁	1
囉	1
囝	1
囯	1
図	1
囶	1
圃	1
圄	1
圇	1
圊	1
圌	1
圠	1
圤	1
圧	1
圩	1
圪	1
圫	1
圳	1
圹	1
圻	1
圽	1
坂	1
坑	1
坓	1
块	1
坙	1
坥	1
坧	1
坪	1
坫	1
坮	1
垃	1
型	1
垏	1
垠	1
垥	1
垧	1
垫	1
埐	1
堊	1
堛	1
堤	1
堵	1
堶	1
塋	1
塘	1
塩	1
塷	1
塾	1
墉	1
墪	1
壓	1
壞	1
壤	1
壨	1
壷	1
変	1
夓	1
夛	1
夵	1
奌	1
奜	1
奡	1
奣	1
奨	1
奯	1
奷	1
妊	1
妋	1
妍	1
妓	1
妔	1
妞	1
妢	1
妱	1
妲	1
妸	1
姁	1
姄	1
姈	1
姚	1
姞	1
姧	1
姪	1
姬	1
姯	1
姳	1
娏	1
娕	1
娠	1
娧	1
娩	1
娳	1
娶	1
婉	1
婦	1
婺	1
媐	1
媛	1
媞	1
媱	1
媷	1
媺	1
媻	1
媽	1
嫂	1
嫆	1
嫖	1
嫚	1
嫰	1
嫴	1
嬐	1
嬖	1
嬭	1
嬾	1
孌	1
孥	1
孪	1
孭	1
孺	1
宆	1
宊	1
宍	1
宖	1
实	1
実	1
宠	1
宥	1
宨	1
宭	1
宵	1
宸	1
宻	1
寑	1
寞	1
寠	1
寢	1
導	1
尘	1
尛	1
尥	1
尫	1
屁	1
层	1
屇	1
届	1
屜	1
屣	1
屲	1
屳	1
屴	1
屶	1
岐	1
岕	1
岙	1
岛	1
岝	1
岢	1
岦	1
岪	1
岱	1
岶	1
峑	1
峙	1
峦	1
峭	1
峰	1
峳	1
峷	1
崬	1
崯	1
崽	1
嵌	1
嵓	1
嵞	1
嵟	1
嶌	1
嶚	1
嶶	1
嶷	1
巋	1
巒	1
巺	1
帆	1
帍	1
帕	1
帘	1
帬	1
帯	1
帷	1
幐	1
幚	1
幝	1
幡	1
幢	1
幣	1
庀	1
庆	1
庈	1
庐	1
庯	1
庴	1
庻	1
廈	1
廊	1
廋	1
廍	1
廓	1
廔	1
廟	1
廧	1
廬	1
廳	1
廸	1
弅	1
弈	1
弎	1
弛	1
弾	1
弿	1
彀	1
彅	1
彈	1
彙	1
彜	1
彝	1
彞	1
彣	1
彶	1
彺	1
彾	1
徏	1
徛	1
徝	1
徤	1
徥	1
徧	1
徨	1
徼	1
忂	1
忈	1
忙	1
忛	1
忞	1
忡	1
忢	1
忤	1
忥	1
忮	1
忺	1
怀	1
怎	1
怐	1
怚	1
怡	1
性	1
恃	1
恍	1
恕	1
恝	1
恼	1
悅	1
悊	1
悍	1
悠	1
悹	1
悼	1
情	1
惈	1
惜	1
惣	1
惮	1
惰	1
惷	1
惸	1
愄	1
愍	1
愔	1
愕	1
愧	1
愬	1
愽	1
慁	1
態	1
慓	1
慙	1
慟	1
慨	1
慰	1
慱	1
憎	1
憕	1
憙	1
憶	1
憾	1
懕	1
懜	1
懵	1
懺	1
懼	1
懿	1
戏	1
战	1
戡	1
戩	1
戫	1
戮	1
戱	1
扄	1
扅	1
扉	1
扏	1
扒	1
払	1
批	1
扽	1
抂	1
抇	1
抉	1
抌	1
抐	1
抑	1
抓	1
报	1
抦	1
抨	1
抺	1
押	1
抾	1
拌	1
拐	1
拭	1
拱	1
拲	1
拴	1
拶	1
拼	1
挃	1
指	1
挌	1
挕	1
挖	1
挛	1
挹	1
挺	1
挾	1
捃	1
捏	1
捒	1
捔	1
捗	1
捚	1
捧	1
捨	1
捭	1
捺	1
捻	1
捽	1
掂	1
掃	1
授	1
掎	1
掔	1
掗	1
掘	1
探	1
掮	1
掾	1
揆	1
揉	1
插	1
揔	1
揘	1
揚	1
揞	1
握	1
援	1
揸	1
揾	1
搆	1
搉	1
損	1
搏	1
搕	1
搞	1
搸	1
搻	1
摀	1
摠	1
摳	1
摺	1
摽	1
撈	1
撞	1
撟	1
撢	1
撨	1
撩	1
撫	1
撼	1
擁	1
擊	1
擒	1
擘	1
擠	1
擰	1
擸	1
擾	1
攝	1
攞	1
攰	1
攻	1
攼	1
敎	1
敔	1
敘	1
敧	1
敲	1
敳	1
整	1
斋	1
斍	1
斡	1
斮	1
斳	1
旀	1
旄	1
旈	1
旌	1
旍	1
旒	1
旛	1
旟	1
旫	1
旰	1
旹	1
昃	1
昑	1
昒	1
昘	1
昙	1
映	1
昧	1
晌	1
晒	1
晓	1
晘	1
晢	1
晦	1
晱	1
晴	1
晸	1
晻	1
暊	1
暌	1
暐	1
暓	1
暢	1
暦	1
暪	1
暱	1
暺	1
曁	1
曄	1
曉	1
曖	1
曛	1
朅	1
朏	1
朞	1
朢	1
权	1
杄	1
杆	1
杊	1
杋	1
材	1
杒	1
杓	1
杗	1
杞	1
杣	1
杦	1
杪	1
杯	1
杵	1
杸	1
枂	1
枈	1
枌	1
枒	1
枣	1
枷	1
枸	1
枹	1
柃	1
柄	1
柆	1
柖	1
柛	1
柝	1
柤	1
柭	1
柺	1
柽	1
柾	1
柿	1
栈	1
栕	1
栖	1
栢	1
栮	1
栱	1
样	1
核	1
桃	1
框	1
桐	1
桖	1
桘	1
桧	1
桮	1
桶	1
桹	1
梀	1
梃	1
梏	1
梓	1
梔	1
梖	1
梗	1
梩	1
梫	1
棓	1
棤	1
棵	1
棼	1
棽	1
椂	1
椅	1
椑	1
椰	1
椹	1
椽	1
椿	1
楆	1
楘	1
楢	1
楤	1
楷	1
榆	1
榑	1
榕	1
榖	1
榛	1
榣	1
榫	1
榼	1
槁	1
槅	1
槐	1
槧	1
槩	1
槭	1
槮	1
槱	1
槳	1
槷	1
槾	1
標	1
樠	1
樣	1
横	1
橘	1
橙	1
機	1
橦	1
檂	1
檒	1
檪	1
檻	1
檽	1
櫐	1
櫓	1
櫬	1
欄	1
權	1
欥	1
欪	1
欯	1
欱	1
欷	1
欹	1
欼	1
歀	1
歅	1
歊	1
歌	1
歔	1
歜	1
殃	1
殍	1
殞	1
殢	1
殤	1
殾	1
毆	1
毇	1
毐	1
毣	1
毼	1
氛	1
氤	1
氿	1
汁	1
汄	1
汋	1
汏	1
汐	1
汑	1
汕	1
汛	1
汣	1
汧	1
汫	1
汭	1
汰	1
汱	1
沄	1
沕	1
沖	1
沚	1
沟	1
沭	1
沲	1
沶	1
沷	1
沽	1
況	1
泃	1
泄	1
泅	1
泈	1
泌	1
泍	1
泚	1
泮	1
洆	1
洌	1
洏	1
洐	1
洣	1
洳	1
洵	1
洹	1
洿	1
浆	1
浊	1
浗	1
浘	1
浝	1
浡	1
浢	1
浧	1
浰	1
浼	1
浿	1
涌	1
涏	1
涑	1
涕	1
涖	1
涣	1
涪	1
液	1
涼	1
淄	1
淅	1
淖	1
淗	1
淘	1
淜	1
淠	1
淩	1
淰	1
淸	1
添	1
淾	1
渂	1
渃	1
渌	1
渒	1
渜	1
渝	1
渡	1
渥	1
渦	1
渧	1
渫	1
渾	1
湆	1
湌	1
湏	1
湖	1
湘	1
湟	1
湡	1
湮	1
湼	1
溂	1
溉	1
溘	1
溦	1
溧	1
溫	1
溯	1
溰	1
溳	1
溶	1
溾	1
滈	1
滉	1
滋	1
滎	1
滚	1
滛	1
滜	1
滞	1
满	1
滥	1
滯	1
滲	1
漁	1
漗	1
漚	1
漠	1
漮	1
漱	1
潓	1
潔	1
潕	1
潗	1
潜	1
潟	1
潡	1
潦	1
潸	1
澄	1
澋	1
澍	1
澑	1
澷	1
激	1
濈	1
濎	1
濕	1
濟	1
濤	1
濱	1
瀉	1
瀌	1
瀐	1
瀕	1
瀖	1
瀨	1
瀸	1
灄	1
灋	1
灑	1
灥	1
灶	1
灸	1
炆	1
炇	1
炒	1
炡	1
炢	1
炫	1
炬	1
炯	1
炰	1
炶	1
烊	1
烘	1
烜	1
烟	1
烡	1
焄	1
焅	1
焊	1
焐	1
焕	1
焝	1
焞	1
焣	1
焯	1
焰	1
焴	1
焸	1
煉	1
煌	1
煔	1
煖	1
煦	1
煨	1
煴	1
熇	1
熈	1
熖	1
熭	1
熾	1
燋	1
燐	1
燒	1
燔	1
燚	1
燤	1
燥	1
爀	1
爊	1
爤	1
爷	1
爸	1
爺	1
爼	1
牆	1
牌	1
牑	1
牓	1
牵	1
牷	1
犍	1
犖	1
犘	1
犳	1
犴	1
犹	1
狃	1
狇	1
狍	1
狛	1
狭	1
狶	1
狹	1
猄	1
猉	1
猎	1
猖	1
猚	1
猛	1
猥	1
猭	1
猲	1
獁	1
獅	1
獮	1
獴	1
獵	1
獺	1
玈	1
玏	1
玒	1
玢	1
玧	1
玻	1
珆	1
珉	1
珊	1
珞	1
珢	1
珦	1
珧	1
琇	1
琍	1
琢	1
琦	1
琪	1
琮	1
琰	1
琳	1
琵	1
琹	1
琼	1
瑜	1
瑤	1
瑰	1
璃	1
璚	1
璧	1
環	1
璹	1
璺	1
瓊	1
瓫	1
瓶	1
甎	1
甐	1
甑	1
甖	1
甛	1
甤	1
甩	1
甭	1
甴	1
畂	1
畑	1
畔	1
畝	1
畼	1
疂	1
疆	1
疇	1
疕	1
痐	1
痔	1
痗	1
痛	1
痣	1
痩	1
痯	1
痱	1
痺	1
瘣	1
癿	1
皖	1
皤	1
皵	1
皺	1
盔	1
盙	1
盠	1
盥	1
盪	1
盺	1
盼	1
眂	1
眄	1
眊	1
眚	1
眜	1
眣	1
眯	1
眽	1
睆	1
睗	1
睛	1
督	1
睦	1
睽	1
瞍	1
瞗	1
矕	1
矟	1
矾	1
码	1
砏	1
砦	1
砧	1
砰	1
硃	1
硏	1
硠	1
硨	1
碁	1
碑	1
碖	1
碗	1
碩	1
磈	1
磋	1
磐	1
磟	1
磬	1
磴	1
磻	1
礕	1
礜	1
祅	1
祇	1
祍	1
祐	1
祗	1
祜	1
祢	1
祸	1
祼	1
禋	1
禓	1
禰	1
禴	1
秅	1
秈	1
秔	1
租	1
秤	1
秥	1
秧	1
秫	1
秮	1
积	1
稂	1
稅	1
稊	1
稌	1
税	1
稑	1
稕	1
稞	1
稤	1
稨	1
稸	1
稺	1
穇	1
穐	1
穒	1
穗	1
穛	1
穩	1
穫	1
穰	1
穼	1
窂	1
窆	1
窇	1
窐	1
窔	1
窙	1
窝	1
窨	1
窬	1
窳	1
窶	1
窻	1
竅	1
竆	1
竈	1
竉	1
站	1
竦	1
竮	1
竼	1
笁	1
笈	1
笏	1
笒	1
笓	1
笚	1
笡	1
笢	1
笤	1
笥	1
笯	1
笱	1
笴	1
笹	1
笼	1
笿	1
筄	1
筈	1
筋	1
筌	1
筞	1
筨	1
筭	1
筳	1
筷	1
箅	1
箆	1
箇	1
箎	1
箏	1
箒	1
箫	1
篦	1
篩	1
篱	1
篲	1
篷	1
篹	1
篻	1
篿	1
簛	1
簞	1
簟	1
簳	1
簷	1
籄	1
籊	1
籋	1
籐	1
籖	1
籣	1
籤	1
籮	1
籶	1
粆	1
粍	1
粮	1
糊	1
糓	1
糝	1
糪	1
糴	1
糼	1
紀	1
紆	1
紇	1
紏	1
紐	1
紗	1
紝	1
紦	1
紨	1
紬	1
紵	1
紹	1
絁	1
絅	1
絈	1
絙	1
絢	1
綈	1
綑	1
經	1
綗	1
綜	1
綝	1
綢	1
綮	1
綰	1
綱	1
網	1
綵	1
綾	1
緇	1
緌	1
緒	1
緖	1
緙	1
線	1
緹	1
緼	1
緾	1
縕	1
縜	1
縝	1
縫	1
縵	1
縶	1
縹	1
縿	1
織	1
繘	1
繠	1
繢	1
繩	1
繫	1
繰	1
繴	1
纈	1
纜	1
纥	1
级	1
纷	1
纺	1
纽	1
终	1
结	1
络	1
统	1
绢	1
缂	1
缊	1
缘	1
缚	1
缳	1
缷	1
缸	1
缼	1
缽	1
罅	1
罈	1
罝	1
罧	1
罬	1
罰	1
罸	1
罹	1
羈	1
羋	1
羨	1
羯	1
羶	1
羺	1
羿	1
翅	1
翫	1
翯	1
翹	1
翻	1
耀	1
耉	1
耊	1
耋	1
耘	1
耸	1
聁	1
职	1
聰	1
聳	1
聼	1
聾	1
肁	1
肊	1
肍	1
肏	1
肑	1
肓	1
肝	1
肟	1
肠	1
肪	1
肶	1
肺	1
胋	1
胙	1
胠	1
胸	1
脆	1
脋	1
脖	1
脘	1
脫	1
脬	1
脹	1
脺	1
脽	1
腂	1
腩	1
腷	1
腾	1
膄	1
膋	1
膩	1
膳	1
膸	1
膺	1
臀	1
臆	1
臈	1
臋	1
臍	1
臷	1
舆	1
舝	1
舠	1
舮	1
艂	1
艐	1
艳	1
艻	1
艼	1
艽	1
芅	1
芇	1
芑	1
芓	1
芚	1
芠	1
芦	1
芧	1
芪	1
芰	1
芶	1
芿	1
苋	1
苎	1
苘	1
苙	1
苞	1
苨	1
苬	1
苯	1
苳	1
苽	1
苿	1
茆	1
茇	1
茋	1
茐	1
茗	1
茘	1
茙	1
茛	1
茦	1
茧	1
茨	1
茺	1
茾	1
荁	1
荆	1
荎	1
荏	1
荗	1
荘	1
荥	1
荽	1
荾	1
荿	1
莒	1
莗	1
莙	1
莝	1
莟	1
莠	1
莢	1
菖	1
菡	1
菬	1
菳	1
菶	1
菷	1
菿	1
萆	1
萘	1
萵	1
萷	1
萹	1
萺	1
萼	1
葃	1
葅	1
葆	1
葍	1
葏	1
葑	1
葚	1
葩	1
葭	1
葳	1
葶	1
葸	1
葺	1
蒌	1
蒕	1
蒖	1
蒡	1
蒤	1
蒧	1
蒩	1
蒭	1
蒮	1
蒹	1
蓍	1
蓔	1
蓖	1
蓝	1
蓱	1
蓴	1
蓷	1
蓸	1
蓻	1
蓽	1
蓾	1
蔈	1
蔕	1
蔚	1
蔞	1
蔣	1
蔦	1
蔽	1
蕁	1
蕋	1
蕎	1
蕐	1
蕨	1
蕪	1
薉	1
薊	1
薏	1
薣	1
薪	1
薲	1
薻	1
藂	1
藉	1
藚	1
藜	1
藟	1
藪	1
藶	1
蘄	1
蘆	1
蘊	1
蘋	1
蘦	1
蘸	1
蘿	1
虣	1
虾	1
蚔	1
蛓	1
蛔	1
蛩	1
蛾	1
蜂	1
蜆	1
蜇	1
蜑	1
蜓	1
蜚	1
蜝	1
蝅	1
蝥	1
蝦	1
螂	1
螫	1
螻	1
螽	1
蟄	1
蟮	1
蟺	1
蠲	1
衂	1
衎	1
衒	1
衔	1
衖	1
衘	1
衝	1
衟	1
衫	1
衬	1
衷	1
衿	1
袅	1
袍	1
袪	1
袴	1
裒	1
裨	1
裳	1
裸	1
裹	1
褁	1
複	1
褐	1
褝	1
褺	1
襟	1
覊	1
覘	1
観	1
覿	1
觉	1
訂	1
訖	1
訟	1
訣	1
訪	1
訬	1
設	1
訴	1
訶	1
詋	1
詠	1
詣	1
試	1
話	1
詵	1
誅	1
誑	1
誓	1
誘	1
誦	1
說	1
諂	1
諄	1
談	1
請	1
諍	1
諐	1
諑	1
諧	1
諬	1
諴	1
諹	1
諼	1
謉	1
謙	1
講	1
謝	1
謟	1
謢	1
譖	1
識	1
警	1
譬	1
議	1
護	1
譽	1
讃	1
计	1
讨	1
训	1
设	1
诣	1
读	1
谁	1
谻	1
谿	1
豍	1
豓	1
豔	1
豢	1
豰	1
豺	1
豿	1
貣	1
貨	1
販	1
貵	1
賎	1
賡	1
賦	1
賬	1
賭	1
賮	1
賸	1
購	1
贇	1
贈	1
贋	1
贱	1
贷	1
贸	1
赉	1
赑	1
赘	1
赢	1
赥	1
赧	1
赴	1
趁	1
趍	1
趟	1
趠	1
趣	1
趨	1
趾	1
跒	1
距	1
跣	1
跬	1
跱	1
踈	1
踏	1
踖	1
踰	1
踶	1
踷	1
蹀	1
蹃	1
蹈	1
蹎	1
蹔	1
蹢	1
蹩	1
蹵	1
蹺	1
躅	1
躎	1
躑	1
躘	1
躭	1
躲	1
軀	1
軏	1
軓	1
軖	1
軝	1
転	1
軨	1
軲	1
軽	1
較	1
輄	1
輅	1
輊	1
輔	1
輚	1
輝	1
輲	1
輻	1
輾	1
轄	1
轝	1
轡	1
轨	1
转	1
轱	1
辂	1
辢	1
辦	1
辨	1
迊	1
迏	1
进	1
迢	1
迤	1
迭	1
迱	1
迹	1
迺	1
逅	1
逋	1
逍	1
逑	1
逜	1
逨	1
逩	1
逶	1
遐	1
違	1
遘	1
遜	1
遥	1
遬	1
遭	1
遹	1
邃	1
邉	1
邏	1
邗	1
邠	1
邢	1
邯	1
邿	1
郊	1
郗	1
郝	1
郰	1
郵	1
郷	1
郸	1
鄄	1
鄔	1
鄣	1
鄲	1
酫	1
酬	1
酭	1
酷	1
酼	1
醀	1
醁	1
醉	1
醒	1
醖	1
醟	1
釀	1
釁	1
釈	1
釐	1
釛	1
釠	1
釬	1
釽	1
鈁	1
鈔	1
鈚	1
鈩	1
鈲	1
鈹	1
鈺	1
鉄	1
鉅	1
鉐	1
鉨	1
鉴	1
鉺	1
銃	1
銅	1
銑	1
銓	1
銚	1
鋂	1
鋃	1
鋅	1
鋒	1
鋞	1
鋠	1
鋤	1
鋪	1
鋸	1
鋼	1
錉	1
錐	1
錚	1
錡	1
錫	1
鍊	1
鍳	1
鍵	1
鎔	1
鎣	1
鎮	1
鎷	1
鎼	1
鎾	1
鏄	1
鏌	1
鏕	1
鏖	1
鏢	1
鏨	1
鐀	1
鐐	1
鐘	1
鐵	1
鐸	1
鐻	1
鑁	1
鑊	1
鑍	1
钁	1
钟	1
钱	1
铍	1
银	1
镾	1
閅	1
閆	1
閇	1
閈	1
閗	1
閚	1
関	1
閧	1
閨	1
閩	1
閫	1
閬	1
閰	1
閶	1
閹	1
閼	1
闊	1
闋	1
闎	1
闐	1
闓	1
闗	1
闢	1
闯	1
阋	1
阖	1
阘	1
阙	1
阚	1
阞	1
阤	1
阥	1
阩	1
阪	1
阼	1
陃	1
陗	1
陛	1
陜	1
陝	1
陮	1
隈	1
隌	1
階	1
隔	1
際	1
隡	1
隬	1
雑	1
雕	1
雟	1
雱	1
雴	1
雺	1
霄	1
霈	1
霊	1
霎	1
霏	1
霪	1
霵	1
霽	1
靂	1
靓	1
鞋	1
鞞	1
鞮	1
韌	1
韞	1
韩	1
韮	1
韶	1
頇	1
頉	1
頍	1
頒	1
頟	1
頰	1
頳	1
頷	1
顀	1
顃	1
顏	1
顙	1
顚	1
顟	1
顢	1
顰	1
顶	1
顺	1
顿	1
领	1
颇	1
题	1
颜	1
飌	1
飤	1
飧	1
飪	1
飭	1
飯	1
飱	1
飾	1
餞	1
饁	1
馤	1
馥	1
馨	1
馼	1
駢	1
駬	1
騜	1
騾	1
驀	1
驕	1
驛	1
驢	1
骞	1
髓	1
髜	1
髮	1
鬘	1
鬧	1
鬭	1
魅	1
鮎	1
鮑	1
鮪	1
鮭	1
鮺	1
鯨	1
鰥	1
鱉	1
鱗	1
鱣	1
鲞	1
鳶	1
鳸	1
鴋	1
鴖	1
鴜	1
鴹	1
鴻	1
鵓	1
鵖	1
鵙	1
鵝	1
鵠	1
鵤	1
鵭	1
鵮	1
鵰	1
鵾	1
鶂	1
鶄	1
鶒	1
鶪	1
鶴	1
鶻	1
鷊	1
鷒	1
鷟	1
鷸	1
鸎	1
鸑	1
鸛	1
鸡	1
鹝	1
麆	1
麌	1
麓	1
麨	1
麮	1
麼	1
黁	1
黊	1
黔	1
黙	1
點	1
黴	1
黵	1
鼄	1
鼈	1
鼒	1
齏	1
齡	1
齪	1
龏	1
龐	1
龕	1
龝	1
龥	1
﨎	1
﨤	1
免	1
卑	1
犯	1
？	1
𛂦	1
𠀄	1
𠀆	1
𠀇	1
𠀔	1
𠀗	1
𠀧	1
𠀫	1
𠁃	1
𠁏	1
𠁦	1
𠁭	1
𠁳	1
𠁽	1
𠂟	1
𠂠	1
𠂥	1
𠂨	1
𠂽	1
𠃀	1
𠃖	1
𠃙	1
𠃚	1
𠃟	1
𠄏	1
𠄘	1
𠄡	1
𠄭	1
𠄮	1
𠅀	1
𠅋	1
𠅓	1
𠅘	1
𠅙	1
𠅝	1
𠅢	1
𠅸	1
𠆩	1
𠆫	1
𠇄	1
𠇏	1
𠇔	1
𠇚	1
𠇦	1
𠇭	1
𠇽	1
𠇾	1
𠈃	1
𠈄	1
𠈗	1
𠈪	1
𠈾	1
𠉽	1
𠊅	1
𠊋	1
𠊰	1
𠋛	1
𠋣	1
𠍘	1
𠍾	1
𠑲	1
𠑷	1
𠑿	1
𠒁	1
𠒌	1
𠔄	1
𠔋	1
𠔍	1
𠕄	1
𠕚	1
𠕠	1
𠕰	1
𠕶	1
𠕿	1
𠖇	1
𠖐	1
𠖦	1
𠖬	1
𠖼	1
𠗆	1
𠗎	1
𠗏	1
𠗒	1
𠗱	1
𠗲	1
𠘂	1
𠘟	1
𠘯	1
𠘳	1
𠘺	1
𠘻	1
𠘽	1
𠙇	1
𠙖	1
𠙚	1
𠙳	1
𠙷	1
𠙺	1
𠚌	1
𠚑	1
𠚕	1
𠚛	1
𠚜	1
𠚣	1
𠚫	1
𠚾	1
𠛄	1
𠛢	1
𠛹	1
𠜒	1
𠜤	1
𠜥	1
𠝣	1
𠝭	1
𠝮	1
𠝻	1
𠞖	1
𠡉	1
𠡷	1
𠢧	1
𠣏	1
𠣦	1
𠣯	1
𠣻	1
𠤑	1
𠤤	1
𠤦	1
𠤭	1
𠤮	1
𠤱	1
𠥆	1
𠥔	1
𠦀	1
𠦉	1
𠦒	1
𠦔	1
𠦚	1
𠦡	1
𠦮	1
𠦶	1
𠧱	1
𠨎	1
𠨐	1
𠨚	1
𠨩	1
𠨺	1
𠩆	1
𠩉	1
𠩲	1
𠪂	1
𠪘	1
𠪾	1
𠫗	1
𠫣	1
𠫥	1
𠫰	1
𠬁	1
𠬚	1
𠬠	1
𠬲	1
𠬳	1
𠭊	1
𠭖	1
𠭙	1
𠭰	1
𠭵	1
𠮎	1
𠮧	1
𠮨	1
𠮮	1
𠮯	1
𠮳	1
𠮵	1
𠮺	1
𠮽	1
𠯄	1
𠯇	1
𠯊	1
𠯍	1
𠯓	1
𠯖	1
𠯫	1
𠰅	1
𠰓	1
𠰕	1
𠰛	1
𠰝	1
𠰣	1
𠱡	1
𠱭	1
𠱳	1
𠱸	1
𠱼	1
𠲘	1
𠲯	1
𠳅	1
𠳒	1
𠳯	1
𠳺	1
𠵊	1
𠵨	1
𠶋	1
𠶛	1
𠸜	1
𠹜	1
𠹝	1
𠻚	1
𠻝	1
𠻮	1
𠼑	1
𠼗	1
𠽸	1
𠾧	1
𠿊	1
𡂨	1
𡃫	1
𡄉	1
𡆤	1
𡆨	1
𡆩	1
𡆬	1
𡆵	1
𡆾	1
𡇈	1
𡇋	1
𡇌	1
𡇟	1
𡇶	1
𡈉	1
𡈏	1
𡈹	1
𡉁	1
𡉄	1
𡉐	1
𡉑	1
𡉓	1
𡉖	1
𡉮	1
𡉴	1
𡉺	1
𡉿	1
𡊎	1
𡊙	1
𡊮	1
𡊵	1
𡋍	1
𡋡	1
𡋣	1
𡋬	1
𡋵	1
𡌓	1
𡌭	1
𡌳	1
𡍬	1
𡍸	1
𡐳	1
𡑅	1
𡒲	1
𡓪	1
𡔛	1
𡔜	1
𡔞	1
𡔣	1
𡔧	1
𡔯	1
𡔽	1
𡕚	1
𡕝	1
𡕟	1
𡕦	1
𡕫	1
𡕷	1
𡕸	1
𡖈	1
𡖉	1
𡗕	1
𡗛	1
𡗝	1
𡗥	1
𡗫	1
𡘊	1
𡘐	1
𡘒	1
𡘜	1
𡘝	1
𡘞	1
𡘳	1
𡘷	1
𡘺	1
𡙂	1
𡙆	1
𡙳	1
𡙸	1
𡙹	1
𡚁	1
𡚇	1
𡚊	1
𡚺	1
𡛊	1
𡛒	1
𡛩	1
𡛼	1
𡝀	1
𡝌	1
𡝤	1
𡝼	1
𡞔	1
𡞣	1
𡠋	1
𡠓	1
𡠺	1
𡡅	1
𡡉	1
𡡴	1
𡡾	1
𡤼	1
𡤽	1
𡥂	1
𡥄	1
𡥝	1
𡥨	1
𡥵	1
𡥷	1
𡦏	1
𡦡	1
𡦢	1
𡦾	1
𡦿	1
𡧂	1
𡧄	1
𡧐	1
𡧟	1
𡧢	1
𡧧	1
𡧨	1
𡧩	1
𡧯	1
𡧷	1
𡧾	1
𡨐	1
𡨚	1
𡨞	1
𡨟	1
𡨧	1
𡨰	1
𡩘	1
𡩙	1
𡩠	1
𡩹	1
𡪛	1
𡪷	1
𡫾	1
𡬧	1
𡬫	1
𡬵	1
𡬺	1
𡭊	1
𡭖	1
𡭗	1
𡭙	1
𡭟	1
𡭨	1
𡮁	1
𡯆	1
𡯇	1
𡯊	1
𡯛	1
𡰗	1
𡰦	1
𡰫	1
𡰲	1
𡰶	1
𡰻	1
𡱀	1
𡱈	1
𡱜	1
𡱞	1
𡲆	1
𡲤	1
𡲫	1
𡴂	1
𡴅	1
𡴘	1
𡴪	1
𡴲	1
𡴴	1
𡴶	1
𡴷	1
𡴸	1
𡵄	1
𡵩	1
𡵫	1
𡵬	1
𡵯	1
𡵱	1
𡵳	1
𡵵	1
𡶍	1
𡶓	1
𡶔	1
𡶝	1
𡶟	1
𡶣	1
𡶦	1
𡷝	1
𡷰	1
𡷾	1
𡸄	1
𡹐	1
𡺥	1
𡺰	1
𡺳	1
𡻦	1
𡻷	1
𡼁	1
𡼇	1
𡽫	1
𡽽	1
𡾃	1
𡾷	1
𡿏	1
𡿩	1
𡿭	1
𡿮	1
𡿯	1
𡿲	1
𡿸	1
𡿿	1
𢀵	1
𢀸	1
𢁆	1
𢁓	1
𢁺	1
𢂇	1
𢂋	1
𢄉	1
𢄔	1
𢅛	1
𢆔	1
𢆙	1
𢆲	1
𢇦	1
𢇳	1
𢇶	1
𢈈	1
𢈊	1
𢈍	1
𢈏	1
𢉅	1
𢉆	1
𢉉	1
𢉲	1
𢉳	1
𢊂	1
𢊃	1
𢊊	1
𢊬	1
𢊸	1
𢋱	1
𢌜	1
𢌴	1
𢍀	1
𢍂	1
𢍈	1
𢍏	1
𢍜	1
𢍢	1
𢍮	1
𢍱	1
𢎀	1
𢎢	1
𢎥	1
𢏈	1
𢏔	1
𢐌	1
𢐞	1
𢐠	1
𢐴	1
𢐷	1
𢑆	1
𢑐	1
𢑛	1
𢑨	1
𢒈	1
𢒊	1
𢒩	1
𢓁	1
𢓂	1
𢓆	1
𢓊	1
𢓠	1
𢓫	1
𢓰	1
𢓱	1
𢓲	1
𢓶	1
𢓸	1
𢔃	1
𢔜	1
𢔸	1
𢕑	1
𢕒	1
𢖍	1
𢖏	1
𢖙	1
𢖠	1
𢖫	1
𢖭	1
𢗑	1
𢗝	1
𢗡	1
𢗦	1
𢗨	1
𢗩	1
𢗱	1
𢘆	1
𢘕	1
𢘤	1
𢘿	1
𢙀	1
𢙇	1
𢙥	1
𢙽	1
𢚎	1
𢚘	1
𢛓	1
𢛲	1
𢜈	1
𢜐	1
𢜤	1
𢜧	1
𢝔	1
𢝲	1
𢞍	1
𢞭	1
𢟍	1
𢦑	1
𢦟	1
𢧂	1
𢧉	1
𢧐	1
𢨆	1
𢨇	1
𢨧	1
𢨿	1
𢪀	1
𢪘	1
𢪫	1
𢪰	1
𢪿	1
𢫕	1
𢫻	1
𢬇	1
𢬈	1
𢬊	1
𢭎	1
𢭳	1
𢰦	1
𢱭	1
𢳀	1
𢵄	1
𢵤	1
𢸧	1
𢺸	1
𢼆	1
𢼜	1
𢼡	1
𢼧	1
𢼴	1
𢼾	1
𢽊	1
𢽋	1
𢽐	1
𢽞	1
𢽬	1
𢽳	1
𢽵	1
𢽶	1
𢽹	1
𢽿	1
𢾍	1
𢾟	1
𢿙	1
𣀔	1
𣁐	1
𣁬	1
𣂒	1
𣂔	1
𣂚	1
𣂞	1
𣂪	1
𣂰	1
𣂺	1
𣃥	1
𣃮	1
𣄃	1
𣄰	1
𣅄	1
𣅈	1
𣅊	1
𣅌	1
𣅍	1
𣅑	1
𣅔	1
𣅗	1
𣅘	1
𣅜	1
𣅟	1
𣅼	1
𣆂	1
𣆌	1
𣆑	1
𣆟	1
𣇀	1
𣇃	1
𣇓	1
𣈆	1
𣊖	1
𣊡	1
𣋓	1
𣌭	1
𣍄	1
𣍓	1
𣍟	1
𣍡	1
𣍮	1
𣎷	1
𣎺	1
𣏀	1
𣏃	1
𣏈	1
𣏌	1
𣏒	1
𣏠	1
𣏦	1
𣏽	1
𣐂	1
𣐇	1
𣐌	1
𣐓	1
𣐝	1
𣐞	1
𣐬	1
𣐭	1
𣐯	1
𣐸	1
𣑐	1
𣑩	1
𣑽	1
𣒑	1
𣓀	1
𣓕	1
𣔂	1
𣔋	1
𣔵	1
𣔾	1
𣕡	1
𣗪	1
𣗴	1
𣘁	1
𣚇	1
𣚊	1
𣚯	1
𣝣	1
𣞈	1
𣟒	1
𣠵	1
𣡈	1
𣡍	1
𣡗	1
𣡥	1
𣢊	1
𣢜	1
𣣅	1
𣣖	1
𣣸	1
𣣻	1
𣤓	1
𣤚	1
𣥈	1
𣥐	1
𣥤	1
𣥩	1
𣥿	1
𣦒	1
𣦞	1
𣦹	1
𣦺	1
𣧋	1
𣧌	1
𣧢	1
𣨑	1
𣨻	1
𣪈	1
𣪌	1
𣪍	1
𣪐	1
𣪓	1
𣪧	1
𣫆	1
𣫖	1
𣫬	1
𣬅	1
𣬛	1
𣭁	1
𣭵	1
𣱷	1
𣲆	1
𣲎	1
𣲑	1
𣲩	1
𣲪	1
𣲭	1
𣳨	1
𣴓	1
𣴠	1
𣴻	1
𣵎	1
𣵠	1
𣵣	1
𣶙	1
𣶱	1
𣸈	1
𣸸	1
𣸹	1
𣻢	1
𣼓	1
𣽐	1
𣽨	1
𣾎	1
𣿳	1
𣿼	1
𤆆	1
𤆋	1
𤆓	1
𤆗	1
𤆟	1
𤆦	1
𤆯	1
𤇕	1
𤇘	1
𤇯	1
𤇷	1
𤇸	1
𤈕	1
𤈜	1
𤈿	1
𤉋	1
𤉭	1
𤊸	1
𤋁	1
𤋃	1
𤋎	1
𤋳	1
𤌹	1
𤍠	1
𤎮	1
𤏷	1
𤓉	1
𤔆	1
𤔍	1
𤕭	1
𤕺	1
𤕽	1
𤖏	1
𤗊	1
𤗚	1
𤘔	1
𤘖	1
𤘰	1
𤘴	1
𤙭	1
𤚖	1
𤛿	1
𤜝	1
𤜭	1
𤝋	1
𤝗	1
𤝚	1
𤝡	1
𤞻	1
𤟈	1
𤠗	1
𤣂	1
𤣥	1
𤣲	1
𤤁	1
𤤅	1
𤤋	1
𤤔	1
𤤤	1
𤤯	1
𤦲	1
𤨝	1
𤫶	1
𤬌	1
𤬏	1
𤭐	1
𤯅	1
𤯌	1
𤯚	1
𤯟	1
𤯦	1
𤯳	1
𤰃	1
𤰄	1
𤰖	1
𤰜	1
𤰠	1
𤰩	1
𤰫	1
𤰭	1
𤰱	1
𤱃	1
𤱄	1
𤱍	1
𤱺	1
𤲆	1
𤲊	1
𤲸	1
𤳯	1
𤴁	1
𤴐	1
𤵌	1
𤵜	1
𤵥	1
𤵶	1
𤷭	1
𤹍	1
𤼦	1
𤼱	1
𤼽	1
𤽇	1
𤽈	1
𤾁	1
𤾓	1
𤿌	1
𥁀	1
𥁁	1
𥁚	1
𥁞	1
𥁠	1
𥁰	1
𥁼	1
𥂁	1
𥂈	1
𥂔	1
𥂮	1
𥂰	1
𥃮	1
𥃷	1
𥄅	1
𥄈	1
𥄊	1
𥄕	1
𥄣	1
𥄱	1
𥄷	1
𥆁	1
𥆞	1
𥇇	1
𥇘	1
𥇨	1
𥇴	1
𥈎	1
𥈪	1
𥉁	1
𥊽	1
𥎵	1
𥎽	1
𥏇	1
𥐦	1
𥑥	1
𥑭	1
𥑴	1
𥘑	1
𥘪	1
𥙷	1
𥚎	1
𥛓	1
𥛛	1
𥜘	1
𥝍	1
𥝐	1
𥝕	1
𥝝	1
𥝞	1
𥝯	1
𥝸	1
𥞊	1
𥞓	1
𥞔	1
𥟁	1
𥟦	1
𥠁	1
𥠷	1
𥡝	1
𥡵	1
𥢺	1
𥣞	1
𥤤	1
𥤬	1
𥤱	1
𥤹	1
𥥪	1
𥥭	1
𥥴	1
𥥵	1
𥥽	1
𥦕	1
𥦮	1
𥧡	1
𥨪	1
𥩘	1
𥩝	1
𥩞	1
𥩥	1
𥩮	1
𥪝	1
𥪡	1
𥫔	1
𥫠	1
𥫦	1
𥫩	1
𥫿	1
𥬀	1
𥬄	1
𥬇	1
𥬑	1
𥬒	1
𥬝	1
𥬢	1
𥬯	1
𥬵	1
𥭛	1
𥭭	1
𥭴	1
𥭷	1
𥭽	1
𥮗	1
𥯄	1
𥯌	1
𥰓	1
𥰔	1
𥰟	1
𥱋	1
𥱤	1
𥱾	1
𥲶	1
𥳛	1
𥴚	1
𥵸	1
𥸩	1
𥸬	1
𥸰	1
𥸲	1
𥸷	1
𥹄	1
𥹙	1
𥹠	1
𥹹	1
𥺀	1
𥺘	1
𥺤	1
𥻊	1
𥻡	1
𥻳	1
𥼚	1
𥽂	1
𥾈	1
𥾊	1
𥾏	1
𥾭	1
𥾸	1
𥿻	1
𦀎	1
𦀺	1
𦁆	1
𦁉	1
𦁎	1
𦁤	1
𦂕	1
𦂝	1
𦂱	1
𦂳	1
𦂺	1
𦃐	1
𦃙	1
𦄨	1
𦇏	1
𦈥	1
𦈯	1
𦉍	1
𦉥	1
𦉭	1
𦉱	1
𦉲	1
𦉳	1
𦉵	1
𦉾	1
𦊄	1
𦊋	1
𦊎	1
𦊒	1
𦊚	1
𦊜	1
𦊥	1
𦊸	1
𦋅	1
𦋹	1
𦋺	1
𦌔	1
𦌞	1
𦍍	1
𦏁	1
𦏺	1
𦑕	1
𦒋	1
𦒱	1
𦓆	1
𦓎	1
𦓨	1
𦔐	1
𦔡	1
𦔶	1
𦕂	1
𦕈	1
𦕒	1
𦕓	1
𦕬	1
𦕾	1
𦖑	1
𦖞	1
𦖩	1
𦖻	1
𦗕	1
𦘕	1
𦘪	1
𦘫	1
𦘴	1
𦙍	1
𦚆	1
𦚖	1
𦚟	1
𦚠	1
𦚣	1
𦚶	1
𦛛	1
𦛱	1
𦜳	1
𦝄	1
𦝚	1
𦝲	1
𦞧	1
𦞼	1
𦞽	1
𦟐	1
𦟟	1
𦠤	1
𦣣	1
𦣱	1
𦤀	1
𦤑	1
𦤔	1
𦤶	1
𦥓	1
𦥘	1
𦥛	1
𦥳	1
𦦀	1
𦦚	1
𦧔	1
𦧗	1
𦨈	1
𦩎	1
𦫶	1
𦫷	1
𦫻	1
𦫼	1
𦫿	1
𦬏	1
𦬕	1
𦬘	1
𦬜	1
𦬣	1
𦬦	1
𦬩	1
𦬪	1
𦬮	1
𦬱	1
𦬺	1
𦭓	1
𦭕	1
𦭖	1
𦭜	1
𦭞	1
𦭧	1
𦭳	1
𦭶	1
𦭻	1
𦮃	1
𦮋	1
𦮎	1
𦮔	1
𦮕	1
𦮫	1
𦮴	1
𦯆	1
𦯬	1
𦰌	1
𦰟	1
𦱀	1
𦱄	1
𦱋	1
𦱓	1
𦱧	1
𦱽	1
𦲆	1
𦲿	1
𦳃	1
𦳊	1
𦴋	1
𦴼	1
𦵵	1
𦵺	1
𦷊	1
𦸗	1
𦸛	1
𦹏	1
𦹚	1
𦺈	1
𦺸	1
𦻍	1
𦻱	1
𦻳	1
𦼔	1
𦼪	1
𦼫	1
𦽦	1
𦾔	1
𦾴	1
𧀣	1
𧀨	1
𧁙	1
𧄼	1
𧅌	1
𧆜	1
𧆥	1
𧆧	1
𧆩	1
𧆭	1
𧆾	1
𧇀	1
𧇄	1
𧇨	1
𧇭	1
𧈅	1
𧈟	1
𧉊	1
𧉎	1
𧉏	1
𧉥	1
𧉾	1
𧊒	1
𧊗	1
𧎮	1
𧑿	1
𧗊	1
𧗠	1
𧘣	1
𧙍	1
𧙑	1
𧙿	1
𧚍	1
𧜣	1
𧜼	1
𧝑	1
𧟛	1
𧟧	1
𧟪	1
𧟳	1
𧠆	1
𧠓	1
𧠪	1
𧡖	1
𧢲	1
𧣾	1
𧥑	1
𧥧	1
𧦋	1
𧦗	1
𧦱	1
𧦴	1
𧧈	1
𧧑	1
𧧬	1
𧪎	1
𧪬	1
𧫏	1
𧫦	1
𧭛	1
𧯜	1
𧯡	1
𧰬	1
𧰮	1
𧰲	1
𧱈	1
𧱔	1
𧱾	1
𧲊	1
𧲏	1
𧲣	1
𧳑	1
𧳮	1
𧳯	1
𧴻	1
𧶉	1
𧶐	1
𧶝	1
𧶻	1
𧷈	1
𧹘	1
𧼀	1
𧼂	1
𧼅	1
𧿀	1
𧿭	1
𨁍	1
𨁡	1
𨂠	1
𨂷	1
𨈐	1
𨈑	1
𨈭	1
𨊥	1
𨊰	1
𨊿	1
𨋅	1
𨋬	1
𨋰	1
𨍩	1
𨍮	1
𨐎	1
𨐏	1
𨐚	1
𨐼	1
𨑏	1
𨑠	1
𨑢	1
𨑦	1
𨑭	1
𨑮	1
𨒒	1
𨒙	1
𨒨	1
𨒺	1
𨓋	1
𨓜	1
𨓤	1
𨓨	1
𨓿	1
𨔛	1
𨔾	1
𨕂	1
𨕑	1
𨕖	1
𨕞	1
𨕥	1
𨕵	1
𨘢	1
𨙺	1
𨚌	1
𨚡	1
𨚫	1
𨛡	1
𨛪	1
𨛼	1
𨞧	1
𨟍	1
𨟽	1
𨠠	1
𨠭	1
𨤐	1
𨤝	1
𨤰	1
𨥌	1
𨥏	1
𨥲	1
𨦗	1
𨦡	1
𨪈	1
𨭀	1
𨱝	1
𨱥	1
𨳇	1
𨳚	1
𨳞	1
𨳺	1
𨴠	1
𨵩	1
𨶪	1
𨶲	1
𨷖	1
𨷷	1
𨸢	1
𨸲	1
𨹅	1
𨹧	1
𨺵	1
𨻶	1
𨽡	1
𨽶	1
𨾎	1
𨾱	1
𨿣	1
𩀤	1
𩁘	1
𩁸	1
𩁿	1
𩂀	1
𩂍	1
𩂜	1
𩂫	1
𩂼	1
𩃏	1
𩃮	1
𩄲	1
𩅜	1
𩅸	1
𩆖	1
𩆞	1
𩇫	1
𩈳	1
𩉨	1
𩉩	1
𩌌	1
𩐁	1
𩐋	1
𩐐	1
𩑤	1
𩒨	1
𩒬	1
𩔪	1
𩕆	1
𩕍	1
𩕘	1
𩕺	1
𩚴	1
𩛉	1
𩛬	1
𩞹	1
𩠬	1
𩣷	1
𩦛	1
𩪏	1
𩫗	1
𩫺	1
𩮴	1
𩰋	1
𩰵	1
𩰿	1
𩴶	1
𩵎	1
𩵑	1
𩵢	1
𩶓	1
𩸥	1
𩸮	1
𩺃	1
𩺯	1
𩼃	1
𩾕	1
𩾦	1
𩾷	1
𩾹	1
𩿊	1
𪀲	1
𪂣	1
𪃍	1
𪅆	1
𪇠	1
𪇼	1
𪊕	1
𪊘	1
𪊿	1
𪋁	1
𪎊	1
𪎦	1
𪎷	1
𪏰	1
𪏵	1
𪐡	1
𪑛	1
𪓑	1
𪗅	1
𪘂	1
𪙪	1
𪚒	1
𪚴	1
𪛈	1
𪛚	1
𪜁	1
𪜠	1
𪜬	1
𪝁	1
𪝣	1
𪞁	1
𪞐	1
𪞖	1
𪞘	1
𪟙	1
𪟺	1
𪠁	1
𪠄	1
𪠆	1
𪠇	1
𪠈	1
𪠛	1
𪠮	1
𪠹	1
𪠾	1
𪡅	1
𪡒	1
𪡩	1
𪢯	1
𪢱	1
𪢽	1
𪣌	1
𪣣	1
𪤯	1
𪤹	1
𪥍	1
𪥎	1
𪥤	1
𪦨	1
𪦾	1
𪧆	1
𪧈	1
𪧟	1
𪧨	1
𪧺	1
𪩃	1
𪩣	1
𪪎	1
𪪧	1
𪪻	1
𪫆	1
𪫔	1
𪫙	1
𪭌	1
𪭦	1
𪯌	1
𪯍	1
𪯱	1
𪰆	1
𪰋	1
𪰎	1
𪰑	1
𪱳	1
𪱹	1
𪲖	1
𪳄	1
𪵨	1
𪵪	1
𪵻	1
𪶀	1
𪷁	1
𪸓	1
𪸿	1
𪺮	1
𪻓	1
𪽼	1
𪿈	1
𫀩	1
𫀽	1
𫁹	1
𫁾	1
𫂐	1
𫂵	1
𫂹	1
𫃅	1
𫃚	1
𫃟	1
𫄻	1
𫆁	1
𫇩	1
𫇭	1
𫇮	1
𫇿	1
𫈁	1
𫈅	1
𫈏	1
𫈧	1
𫉐	1
𫉬	1
𫊞	1
𫊥	1
𫊫	1
𫋲	1
𫌼	1
𫎴	1
𫏛	1
𫏬	1
𫏵	1
𫏼	1
𫐩	1
𫑨	1
𫒘	1
𫔡	1
𫔴	1
𫕙	1
𫖻	1
𫗏	1
𫜩	1
𫝌	1
𫝎	1
𫝔	1
𫝗	1
𫝢	1
𫝤	1
𫝹	1
𫞕	1
𫞫	1
𫞰	1
𫟈	1
𫟐	1
𫟚	1
𫟪	1
𫠭	1
𫡆	1
𫡓	1
𫡙	1
𫢁	1
𫢩	1
𫣅	1
𫤝	1
𫤰	1
𫤱	1
𫤻	1
𫤼	1
𫥁	1
𫦂	1
𫦤	1
𫦪	1
𫧉	1
𫨈	1
𫨶	1
𫩀	1
𫩁	1
𫩕	1
𫩙	1
𫩜	1
𫩣	1
𫪇	1
𫪉	1
𫪮	1
𫬲	1
𫭋	1
𫯂	1
𫯃	1
𫯎	1
𫯞	1
𫯢	1
𫯺	1
𫰭	1
𫱀	1
𫲡	1
𫲪	1
𫲷	1
𫲹	1
𫳇	1
𫳐	1
𫳤	1
𫴗	1
𫵆	1
𫵚	1
𫵠	1
𫵲	1
𫵳	1
𫵼	1
𫶝	1
𫷕	1
𫸳	1
𫹏	1
𫹔	1
𫹭	1
𫺝	1
𫻩	1
𫻹	1
𫼋	1
𫽚	1
𫾨	1
𫾩	1
𫾶	1
𫾼	1
𫿞	1
𬀇	1
𬀉	1
𬀽	1
𬁅	1
𬁯	1
𬁼	1
𬂉	1
𬂣	1
𬂧	1
𬂴	1
𬅟	1
𬆪	1
𬇕	1
𬇗	1
𬇚	1
𬇥	1
𬈥	1
𬉻	1
𬊇	1
𬋕	1
𬋝	1
𬋩	1
𬋺	1
𬋻	1
𬌡	1
𬌯	1
𬍑	1
𬍞	1
𬍥	1
𬎼	1
𬑤	1
𬒴	1
𬓥	1
𬓶	1
𬔮	1
𬕒	1
𬕟	1
𬕵	1
𬖄	1
𬖥	1
𬗃	1
𬙩	1
𬙬	1
𬚓	1
𬚢	1
𬚰	1
𬚳	1
𬛥	1
𬜪	1
𬜲	1
𬜷	1
𬝉	1
𬞼	1
𬟩	1
𬟺	1
𬡄	1
𬡗	1
𬡤	1
𬢱	1
𬥈	1
𬥉	1
𬥙	1
𬦈	1
𬦮	1
𬨘	1
𬪰	1
𬬺	1
𬮇	1
𬮈	1
𬮔	1
𬮠	1
𬮦	1
𬯆	1
𬯎	1
𬯻	1
𬱞	1
𬴖	1
𬴳	1
𬶀	1
𬹥	1
𬺸	1
𬻀	1
𬻄	1
𬻞	1
𬻠	1
𬻨	1
𬻻	1
𬼊	1
𬼌	1
𬼚	1
𬼸	1
𬽇	1
𬽒	1
𬽢	1
𬽣	1
𬽵	1
𬾨	1
𬾵	1
𬿫	1
𬿲	1
𬿵	1
𭀗	1
𭀚	1
𭀡	1
𭁄	1
𭁆	1
𭁵	1
𭁷	1
𭁾	1
𭂀	1
𭂅	1
𭂩	1
𭂯	1
𭂺	1
𭃌	1
𭃳	1
𭄁	1
𭄩	1
𭅉	1
𭅋	1
𭅑	1
𭅞	1
𭅠	1
𭅺	1
𭆃	1
𭆐	1
𭆨	1
𭆸	1
𭆹	1
𭇂	1
𭇎	1
𭇢	1
𭈆	1
𭋷	1
𭍥	1
𭍽	1
𭎃	1
𭎌	1
𭎘	1
𭎙	1
𭏲	1
𭐖	1
𭐘	1
𭐡	1
𭐢	1
𭐫	1
𭑊	1
𭒽	1
𭓟	1
𭓦	1
𭓯	1
𭓶	1
𭔟	1
𭔥	1
𭔽	1
𭕖	1
𭕛	1
𭕞	1
𭕾	1
𭖚	1
𭖦	1
𭗐	1
𭗾	1
𭘸	1
𭙏	1
𭙕	1
𭙜	1
𭙿	1
𭚖	1
𭚧	1
𭚫	1
𭚬	1
𭚽	1
𭛂	1
𭛈	1
𭛜	1
𭛞	1
𭛟	1
𭛨	1
𭛭	1
𭛼	1
𭜫	1
𭜮	1
𭜵	1
𭝤	1
𭟮	1
𭟰	1
𭠂	1
𭠃	1
𭠓	1
𭠟	1
𭡥	1
𭣖	1
𭣡	1
𭣣	1
𭣩	1
𭣯	1
𭣱	1
𭣴	1
𭣺	1
𭤁	1
𭤊	1
𭤔	1
𭤯	1
𭤶	1
𭥌	1
𭥖	1
𭥗	1
𭦃	1
𭦊	1
𭦙	1
𭦟	1
𭧘	1
𭨒	1
𭨘	1
𭨧	1
𭩲	1
𭩽	1
𭪂	1
𭪐	1
𭪑	1
𭪴	1
𭫄	1
𭫈	1
𭫪	1
𭭉	1
𭭎	1
𭭔	1
𭭟	1
𭭧	1
𭭽	1
𭮁	1
𭮃	1
𭮇	1
𭮧	1
𭮩	1
𭮶	1
𭮼	1
𭯺	1
𭰘	1
𭱁	1
𭴅	1
𭴋	1
𭴢	1
𭴺	1
𭵜	1
𭵠	1
𭵴	1
𭵼	1
𭶪	1
𭷔	1
𭸋	1
𭸾	1
𭹤	1
𭺛	1
𭺜	1
𭺪	1
𭺱	1
𭺳	1
𭺽	1
𭻉	1
𭻍	1
𭻨	1
𭼿	1
𭽈	1
𭽎	1
𭽪	1
𭽼	1
𭾁	1
𭾛	1
𭾡	1
𭾢	1
𭾲	1
𭿷	1
𮂬	1
𮃔	1
𮃹	1
𮄉	1
𮅊	1
𮅙	1
𮆘	1
𮇷	1
𮈄	1
𮈍	1
𮉐	1
𮉰	1
𮊀	1
𮊂	1
𮊵	1
𮌁	1
𮌋	1
𮍖	1
𮍛	1
𮎁	1
𮎜	1
𮎟	1
𮏊	1
𮏒	1
𮏚	1
𮏝	1
𮐯	1
𮐹	1
𮒛	1
𮒣	1
𮓛	1
𮓡	1
𮓱	1
𮓴	1
𮓷	1
𮓸	1
𮕤	1
𮕦	1
𮕱	1
𮖄	1
𮖚	1
𮖠	1
𮗁	1
𮗆	1
𮗟	1
𮗼	1
𮘌	1
𮘎	1
𮙟	1
𮙲	1
𮜿	1
𮞅	1
𮞨	1
𮞬	1
𮠕	1
𮠖	1
𮠚	1
𮡎	1
𮢶	1
𮤻	1
𮥆	1
𮥟	1
𮥹	1
𮦄	1
𮧇	1
𮧡	1
𮧻	1
𮨶	1
𮪉	1
𮪍	1
𮫗	1
𮫢	1
𮫴	1
𮭘	1
𮭫	1
𮮑	1
𮮰	1
𮮱	1
𮮴	1
𮯙	1
包	1
卉	1
叟	1
周	1
咢	1
𡛪	1
慈	1
戛	1
摷	1
冒	1
𣪍	1
洴	1
灷	1
𠔥	1
𤾡	1
舁	1
蕤	1
蚩	1
開	1
嶲	1
𰀊	1
𰀎	1
𰀫	1
𰀰	1
𰀾	1
𰁞	1
𰁽	1
𰂊	1
𰃝	1
𰃰	1
𰃸	1
𰄔	1
𰄯	1
𰅛	1
𰅲	1
𰅳	1
𰆄	1
𰆘	1
𰆬	1
𰆺	1
𰇑	1
𰇩	1
𰇶	1
𰉒	1
𰉯	1
𰋵	1
𰋿	1
𰌱	1
𰌵	1
𰌸	1
𰍙	1
𰍩	1
𰎋	1
𰐼	1
𰒲	1
𰓶	1
𰗐	1
𰗕	1
𰗧	1
𰗷	1
𰘭	1
𰙉	1
𰙔	1
𰙜	1
𰙠	1
𰙫	1
𰚀	1
𰚃	1
𰚋	1
𰚢	1
𰚫	1
𰚷	1
𰛋	1
𰛐	1
𰛖	1
𰛷	1
𰜽	1
𰝂	1
𰞚	1
𰠧	1
𰠿	1
𰢅	1
𰤳	1
𰥇	1
𰥉	1
𰥏	1
𰥐	1
𰥓	1
𰥞	1
𰥡	1
𰨚	1
𰨤	1
𰨥	1
𰩶	1
𰪠	1
𰪦	1
𰪩	1
𰫘	1
𰭍	1
𰭎	1
𰮃	1
𰮋	1
𰮒	1
𰮕	1
𰰝	1
𰰞	1
𰰡	1
𰰤	1
𰰪	1
𰰬	1
𰱃	1
𰴣	1
𰴩	1
𰶖	1
𰶳	1
𰶷	1
𰸬	1
𰹈	1
𰹲	1
𰺅	1
𰺵	1
𰺿	1
𰻢	1
𰼝	1
𰿘	1
𰿚	1
𱀚	1
𱂥	1
𱅔	1
𱅼	1
𱆣	1
𱋋	1
𱋾	1
𱌛	1
𱌦	1
